hero_id,appear_count,prohibit_count,victory_count,AVERAGE_KILLS,AVERAGE_ASSISTS,AVERAGE_DEATHS
2221031,153,47,84,4.2,4.8,1.8
41035,129,85,69,0.8,8.2,3.1
601032,128,153,77,2.7,7.3,2.7
411034,123,64,66,1.6,9.3,2.8
301035,119,90,63,0.9,7.8,3.0
141035,114,29,48,0.5,8.4,3.0
1021035,111,84,60,0.6,7.0,2.5
1141033,91,46,46,3.4,4.5,2.3
261031,87,47,40,3.4,5.0,2.2
581034,86,54,40,2.5,5.9,3.0
951033,79,37,36,1.2,6.0,2.4
611031,77,131,28,2.7,4.5,2.3
781034,70,88,35,2.4,6.4,2.2
2111032,69,153,43,3.4,5.7,1.9
461031,69,82,33,3.3,5.5,2.5
1161031,67,47,34,4.4,3.7,2.2
571032,61,136,31,4.1,5.6,1.9
841034,59,99,31,3.5,5.2,3.2
1211033,53,99,27,2.9,4.6,2.3
891032,50,91,14,2.4,3.8,3.1
1011032,49,69,26,3.3,5.9,2.2
521033,49,29,25,2.0,5.2,2.6
1071035,48,63,23,0.9,8.0,2.6
1271033,42,57,21,1.9,3.8,2.1
1251034,41,33,18,2.2,5.7,3.0
301032,39,0,19,3.0,7.1,1.9
341034,38,41,18,2.2,6.4,2.9
1151031,37,17,23,3.7,5.2,2.4
311033,36,35,18,3.0,5.6,2.6
2011035,36,34,25,0.7,10.0,2.2
431033,35,136,16,3.3,4.2,3.1
181032,33,16,14,4.0,4.3,2.2
761034,31,48,14,2.1,5.2,2.5
431032,31,0,16,3.4,5.5,2.6
11034,30,104,16,2.9,5.2,2.2
851033,29,11,17,2.1,4.2,2.3
711035,29,56,12,0.8,9.0,2.7
1341034,29,77,14,2.3,5.5,2.7
31033,27,105,15,3.1,4.2,2.6
901034,27,20,11,1.2,7.8,2.3
2001031,27,15,19,4.2,6.0,1.7
961031,26,9,13,3.8,5.2,2.0
811033,26,15,17,2.2,6.9,1.8
11033,25,0,11,2.8,4.4,2.4
31032,24,0,11,4.3,4.3,2.1
541034,24,19,12,3.2,5.5,3.0
891033,23,0,12,2.5,3.5,2.8
391033,23,112,13,3.5,4.7,2.9
81031,22,20,14,3.6,6.4,2.1
1141032,22,0,10,3.2,4.1,2.7
531034,19,17,10,3.5,4.7,2.5
391032,19,0,4,3.3,4.4,3.7
341035,17,0,8,1.3,7.9,2.9
2311031,16,19,7,3.8,4.9,2.3
161032,15,122,10,3.2,6.3,2.7
421033,14,17,5,3.1,2.1,2.9
2361032,14,73,9,3.4,4.5,2.2
281033,12,9,7,2.1,2.9,3.0
1211032,11,0,4,2.4,4.1,2.4
241034,11,3,6,2.5,6.7,3.9
561031,11,15,8,6.2,5.9,1.9
971034,11,6,6,1.4,8.4,2.7
151031,10,6,4,2.6,4.3,2.0
1261032,10,29,6,3.6,5.3,3.1
271035,10,5,3,0.9,8.1,4.1
951032,9,0,4,2.3,7.0,2.9
1201031,9,11,3,1.9,3.8,2.2
2361033,9,0,4,2.2,5.9,2.1
1341033,9,0,3,3.9,3.8,3.3
871033,8,15,5,3.5,4.4,1.9
1201033,8,0,3,1.9,5.3,4.4
161031,8,0,3,2.9,4.0,1.9
551033,8,17,5,3.3,5.0,2.5
1201032,8,0,2,1.6,2.9,1.8
451031,8,5,4,5.6,2.9,1.5
2031034,7,3,5,4.7,5.4,3.0
2081033,7,1,1,1.3,5.4,3.4
751034,6,8,3,3.7,3.0,3.3
1281034,6,11,4,3.3,10.2,2.3
1081031,6,2,2,3.3,3.2,1.8
1001033,6,2,4,3.7,6.5,1.5
481034,5,1,3,1.8,6.0,2.4
1031032,5,1,1,2.6,3.8,2.0
711032,5,0,4,3.0,7.4,1.6
741035,4,0,2,1.0,5.5,4.3
471032,4,5,0,0.5,2.3,2.3
511033,4,3,2,4.5,5.8,2.5
991035,4,1,2,0.5,6.3,2.0
871034,4,0,1,3.8,4.5,3.8
1031034,4,0,3,3.3,8.3,2.0
591035,4,0,1,1.3,7.3,4.0
621032,4,3,2,2.0,5.0,1.8
251034,4,4,2,4.0,4.3,2.5
11032,4,0,1,2.3,1.3,1.5
361033,4,1,3,1.5,7.0,3.3
2081035,4,0,0,0.0,3.3,3.0
211031,3,0,2,7.0,4.3,3.0
1261031,3,0,1,3.0,3.3,3.0
491032,3,1,1,4.0,1.0,1.7
601035,3,0,1,1.3,7.7,3.7
2311033,3,0,2,3.3,4.0,2.0
1161032,3,0,2,6.0,2.0,2.3
471035,3,0,2,0.7,14.3,2.3
811034,3,0,2,2.3,7.7,1.7
2241035,3,1,2,5.0,8.0,5.0
161033,2,0,1,2.0,3.0,2.5
1141034,2,0,1,4.5,5.5,3.0
851032,2,0,2,5.0,5.0,1.5
191033,2,0,0,2.0,1.5,6.5
791032,2,0,1,2.0,4.5,1.5
91032,2,0,1,3.0,8.0,2.5
901035,2,0,1,1.5,5.0,2.0
641033,2,0,2,5.5,7.5,0.5
1211031,2,0,0,0.0,5.0,4.5
1181032,2,0,0,0.0,2.0,2.5
21032,2,0,1,1.5,7.5,0.5
411033,2,0,1,0.0,8.0,3.0
421034,2,0,1,4.5,2.0,3.0
331033,2,1,1,2.0,9.0,2.0
1191034,2,0,0,1.5,5.0,2.5
2311032,2,0,0,3.0,3.0,2.5
871032,2,0,1,2.0,3.0,0.5
611032,2,0,1,3.5,4.0,1.5
471033,2,0,0,1.5,1.5,2.0
881033,1,0,0,0.0,3.0,4.0
1031031,1,0,0,0.0,4.0,5.0
2361034,1,0,1,4.0,6.0,1.0
1111032,1,0,0,1.0,0.0,2.0
721035,1,0,0,2.0,3.0,3.0
1001032,1,0,0,2.0,2.0,4.0
551032,1,0,1,2.0,16.0,2.0
661033,1,0,0,0.0,3.0,3.0
1171035,1,0,0,1.0,2.0,3.0
401035,1,0,0,0.0,4.0,2.0
1121031,1,0,0,4.0,7.0,2.0
921035,1,0,0,0.0,3.0,5.0
2241031,1,0,0,10.0,5.0,6.0
181031,1,0,0,1.0,4.0,2.0
1091034,1,0,0,0.0,2.0,1.0
481032,1,0,1,14.0,9.0,3.0
441031,1,0,1,8.0,4.0,0.0
1311032,1,0,0,0.0,0.0,1.0
1291032,1,0,1,1.0,4.0,1.0
1311035,1,0,0,0.0,1.0,4.0
901033,1,0,0,0.0,3.0,2.0
101032,1,1,0,3.0,4.0,2.0
601033,1,0,0,0.0,5.0,3.0
231032,1,0,1,4.0,4.0,1.0
651032,1,0,1,0.0,16.0,6.0
511032,1,0,0,2.0,1.0,4.0
111035,1,3,1,4.0,15.0,4.0
141045,87,44,40,0.2,2.9,0.9
581044,86,44,50,0.8,2.3,0.8
601042,86,84,47,0.9,2.4,1.0
261041,83,73,46,1.2,1.6,0.5
1021045,83,72,50,0.2,2.6,0.8
611041,70,118,34,1.0,1.3,0.5
1141043,64,30,39,0.8,1.1,0.5
2221041,61,14,25,0.8,0.9,0.5
41045,57,41,24,0.1,1.4,0.7
411044,57,18,27,0.5,2.0,0.7
2111042,55,76,27,0.7,1.1,0.4
431043,54,103,28,0.7,1.0,0.6
301045,52,91,27,0.2,1.6,0.7
11043,48,59,22,0.4,0.7,0.4
1071045,46,65,21,0.1,1.5,0.6
781044,44,63,23,0.3,0.9,0.4
571042,44,89,26,0.6,0.8,0.3
461041,42,83,22,0.6,0.8,0.5
301042,33,0,16,0.3,0.9,0.3
841044,33,22,18,0.4,0.7,0.4
81041,31,15,20,0.5,0.8,0.2
961041,30,16,10,0.3,0.5,0.2
2011045,30,38,19,0.1,1.2,0.3
761044,29,73,12,0.3,0.7,0.3
1251044,29,11,8,0.3,0.5,0.3
951043,28,20,15,0.2,0.7,0.3
891042,28,81,17,0.5,0.6,0.2
1271043,27,44,16,0.3,0.3,0.2
1211043,26,72,17,0.4,0.4,0.2
891043,25,0,8,0.2,0.4,0.3
31042,24,42,15,0.4,0.5,0.1
921045,23,13,15,0.1,0.8,0.3
31043,22,0,10,0.3,0.4,0.2
1141042,21,0,11,0.2,0.4,0.2
11044,19,0,11,0.1,0.4,0.1
521043,19,7,10,0.3,0.5,0.2
531044,19,18,11,0.3,0.4,0.2
341044,19,27,11,0.2,0.6,0.2
901044,18,14,5,0.1,0.3,0.1
1261042,18,42,11,0.3,0.3,0.2
2001041,18,5,10,0.3,0.4,0.1
241044,18,14,9,0.2,0.5,0.2
1201043,17,23,6,0.2,0.3,0.2
1281044,17,18,8,0.1,0.4,0.2
341045,17,0,4,0.1,0.4,0.2
2361042,16,0,7,0.1,0.3,0.2
2361043,16,43,7,0.1,0.3,0.2
1211041,15,0,10,0.2,0.3,0.1
1341044,14,32,7,0.2,0.2,0.2
1161041,14,15,7,0.3,0.3,0.1
1201041,14,0,5,0.1,0.2,0.1
181042,13,8,5,0.2,0.1,0.1
391043,13,74,0,0.1,0.1,0.2
951042,13,0,5,0.1,0.3,0.1
711045,13,22,8,0.0,0.5,0.1
211041,11,14,7,0.2,0.2,0.1
1151041,11,9,5,0.2,0.2,0.1
421044,10,7,8,0.1,0.3,0.1
1011042,10,5,4,0.1,0.2,0.1
281043,10,7,8,0.1,0.1,0.1
101042,10,6,4,0.1,0.2,0.1
11042,8,0,4,0.1,0.1,0.1
161041,8,71,3,0.1,0.1,0.1
1081041,8,7,4,0.1,0.1,0.1
391042,7,0,4,0.1,0.1,0.1
2311043,7,11,5,0.1,0.1,0.1
311043,6,4,3,0.1,0.2,0.1
331043,6,0,4,0.1,0.2,0.1
161042,6,0,3,0.0,0.1,0.1
421043,5,0,2,0.0,0.1,0.1
611043,5,0,2,0.0,0.1,0.1
2081043,5,6,4,0.1,0.2,0.0
1201042,5,0,1,0.1,0.1,0.0
1031042,5,7,2,0.1,0.1,0.1
621042,5,4,1,0.0,0.1,0.0
1261041,5,0,2,0.1,0.1,0.1
91042,5,3,2,0.1,0.1,0.1
471043,4,12,1,0.0,0.1,0.0
511043,4,7,2,0.1,0.1,0.0
481044,4,6,1,0.1,0.1,0.1
451041,4,3,3,0.1,0.1,0.0
1341043,4,0,2,0.0,0.1,0.1
411043,4,0,0,0.0,0.1,0.1
111045,4,2,3,0.0,0.1,0.0
871043,4,1,2,0.1,0.1,0.0
1311042,3,1,1,0.0,0.1,0.0
1031044,3,0,2,0.0,0.1,0.0
541044,3,7,1,0.0,0.1,0.1
871044,3,0,1,0.0,0.1,0.0
1211042,3,0,1,0.0,0.0,0.0
591045,3,2,0,0.0,0.1,0.1
471042,3,0,1,0.0,0.1,0.0
191043,3,4,2,0.0,0.1,0.0
601043,3,0,2,0.0,0.1,0.0
271045,3,3,1,0.0,0.1,0.0
411045,3,0,2,0.0,0.2,0.1
2081045,3,0,2,0.0,0.1,0.0
2031044,3,0,2,0.1,0.1,0.0
791042,3,1,2,0.0,0.1,0.0
711044,3,0,1,0.0,0.1,0.0
971044,3,1,1,0.0,0.1,0.0
711042,3,0,1,0.0,0.1,0.0
1341041,3,0,1,0.0,0.1,0.0
741045,2,0,0,0.0,0.0,0.0
471045,2,0,0,0.0,0.0,0.0
721045,2,0,1,0.0,0.0,0.0
561041,2,0,1,0.0,0.1,0.0
121045,2,0,1,0.0,0.1,0.0
251044,2,2,2,0.0,0.0,0.0
151041,2,0,0,0.0,0.0,0.0
361043,2,1,1,0.0,0.0,0.0
1031041,2,0,0,0.0,0.0,0.0
1051045,2,0,0,0.0,0.0,0.0
801045,2,0,0,0.0,0.0,0.0
1161043,2,0,1,0.0,0.0,0.0
521042,2,0,0,0.0,0.0,0.1
1301041,1,0,1,0.0,0.0,0.0
481042,1,0,0,0.0,0.0,0.0
611042,1,0,1,0.0,0.0,0.0
551043,1,2,0,0.0,0.0,0.0
21042,1,0,0,0.0,0.0,0.0
2311044,1,0,0,0.0,0.0,0.0
621045,1,0,0,0.0,0.0,0.0
1091044,1,0,0,0.0,0.0,0.0
851042,1,0,0,0.0,0.0,0.0
881043,1,0,0,0.0,0.0,0.0
161043,1,0,0,0.0,0.0,0.0
2311041,1,0,1,0.0,0.0,0.0
781041,1,0,0,0.0,0.0,0.0
711041,1,0,1,0.0,0.1,0.0
651042,1,0,0,0.0,0.0,0.0
2241045,1,1,1,0.0,0.0,0.0
301043,1,0,1,0.0,0.1,0.0
851043,1,0,0,0.0,0.0,0.0
71044,1,0,1,0.0,0.0,0.0
641043,1,0,0,0.0,0.0,0.0
1191044,1,0,0,0.0,0.0,0.0
1291043,1,2,0,0.0,0.0,0.0
1251041,1,0,1,0.0,0.0,0.0
431042,1,0,0,0.0,0.0,0.0
1001042,1,0,0,0.0,0.0,0.0
1181042,1,0,1,0.0,0.0,0.0
1161042,1,0,0,0.0,0.0,0.0
191041,1,0,1,0.0,0.0,0.0
61042,1,0,0,0.0,0.0,0.0
1181045,1,0,0,0.0,0.0,0.0
1041042,1,0,0,0.0,0.0,0.0
241045,1,0,1,0.0,0.0,0.0
291040,0,2,0,0.0,0.0,0.0
701040,0,1,0,0.0,0.0,0.0
991040,0,1,0,0.0,0.0,0.0
261051,56,19,33,1.5,2.3,0.7
141055,56,14,27,0.3,3.3,1.2
1021055,42,29,24,0.2,2.2,0.7
41055,39,15,20,0.2,2.5,1.0
411054,37,13,12,0.4,1.9,1.1
601052,36,38,16,0.6,1.7,0.7
2111052,33,39,18,1.0,1.3,0.4
841054,29,12,15,0.7,1.3,0.7
2221051,28,8,12,0.8,1.0,0.4
301055,28,20,14,0.2,1.8,0.6
11053,27,25,12,0.4,0.8,0.5
1141053,25,21,13,0.8,0.8,0.5
581054,23,7,12,0.4,1.1,0.5
901054,23,9,15,0.3,1.2,0.3
1011052,23,20,8,0.5,0.7,0.4
961051,23,5,11,0.6,0.8,0.3
951053,22,15,12,0.3,1.1,0.3
761054,21,36,10,0.5,1.0,0.4
611051,21,58,6,0.4,0.9,0.4
1211053,19,12,12,0.5,0.8,0.3
1071055,18,38,8,0.1,0.8,0.4
2011055,18,7,7,0.1,1.0,0.4
571052,17,41,7,0.5,0.4,0.2
521053,16,12,7,0.3,0.5,0.3
431053,16,59,9,0.3,0.4,0.3
1151051,15,5,10,0.4,0.6,0.2
791052,15,6,6,0.2,0.5,0.2
2001051,15,4,7,0.4,0.5,0.2
1341054,14,12,10,0.3,0.8,0.4
341054,13,8,8,0.1,0.6,0.3
891052,12,38,5,0.3,0.4,0.3
31053,12,44,6,0.2,0.3,0.2
451051,12,3,8,0.5,0.5,0.2
781054,11,18,2,0.2,0.3,0.2
1311052,10,13,6,0.1,0.5,0.1
461051,10,16,6,0.4,0.5,0.1
81051,9,0,3,0.1,0.3,0.2
541054,9,15,7,0.2,0.4,0.2
891053,8,0,3,0.1,0.2,0.2
2081053,8,7,4,0.1,0.3,0.1
181052,8,5,3,0.2,0.2,0.2
1161051,8,4,2,0.2,0.3,0.2
971054,7,3,6,0.0,0.4,0.1
2081055,7,0,3,0.1,0.5,0.2
1201052,7,4,3,0.2,0.2,0.1
1271053,7,29,1,0.0,0.1,0.2
391053,7,49,4,0.2,0.3,0.2
481052,6,12,4,0.2,0.4,0.2
871053,6,11,4,0.1,0.1,0.1
301052,6,0,5,0.2,0.4,0.1
11054,6,0,3,0.1,0.2,0.1
1201053,6,0,3,0.1,0.2,0.2
241054,6,3,1,0.1,0.2,0.1
531054,5,3,4,0.1,0.3,0.0
1081051,5,4,2,0.1,0.2,0.1
1001052,5,4,3,0.1,0.2,0.1
711055,5,6,2,0.0,0.3,0.1
2361052,5,51,3,0.1,0.2,0.0
811053,5,4,2,0.1,0.2,0.1
31052,5,0,3,0.2,0.2,0.0
421053,5,9,3,0.1,0.1,0.1
2361053,4,0,3,0.1,0.2,0.0
1141052,4,0,0,0.1,0.1,0.1
561051,4,0,1,0.0,0.0,0.1
211051,4,18,1,0.0,0.1,0.0
881053,4,5,2,0.1,0.1,0.1
311053,4,15,3,0.1,0.2,0.0
481054,4,0,2,0.1,0.2,0.2
1181052,4,4,2,0.1,0.2,0.0
1281054,4,4,0,0.1,0.1,0.1
591055,3,0,3,0.0,0.2,0.0
391051,3,0,3,0.1,0.2,0.0
981051,3,0,3,0.0,0.2,0.0
771054,3,0,0,0.0,0.1,0.1
11052,3,0,2,0.1,0.1,0.0
1051055,3,10,3,0.0,0.3,0.0
161052,3,0,2,0.1,0.2,0.0
2311053,3,11,0,0.0,0.0,0.1
171053,3,0,2,0.1,0.1,0.1
621055,3,0,1,0.0,0.1,0.1
431052,3,0,2,0.0,0.2,0.1
161051,3,58,3,0.1,0.2,0.1
391052,3,0,3,0.2,0.2,0.1
601053,3,0,2,0.1,0.3,0.1
471053,2,0,0,0.0,0.1,0.0
361053,2,2,2,0.1,0.1,0.0
1261051,2,15,0,0.1,0.0,0.1
361054,2,0,2,0.1,0.1,0.0
711052,2,0,2,0.0,0.1,0.0
491052,2,0,2,0.1,0.1,0.0
411053,2,0,1,0.0,0.1,0.0
1251054,2,5,1,0.0,0.1,0.0
641053,2,2,1,0.1,0.1,0.0
1031052,2,0,2,0.1,0.1,0.0
431054,2,0,1,0.0,0.1,0.1
1341053,2,0,0,0.0,0.0,0.0
1091054,2,0,1,0.0,0.0,0.0
161053,2,0,2,0.1,0.1,0.0
811054,1,0,0,0.0,0.0,0.0
881052,1,0,1,0.0,0.1,0.0
1211052,1,0,1,0.0,0.0,0.0
1311055,1,0,0,0.0,0.1,0.0
611052,1,0,1,0.0,0.0,0.0
991055,1,0,0,0.0,0.0,0.0
661053,1,0,0,0.0,0.0,0.0
431051,1,0,0,0.0,0.1,0.0
1161053,1,0,0,0.0,0.0,0.0
861054,1,0,0,0.0,0.0,0.0
921055,1,0,1,0.0,0.1,0.0
91052,1,1,0,0.0,0.0,0.0
151051,1,0,0,0.0,0.0,0.0
1291052,1,1,0,0.0,0.0,0.0
1261052,1,0,1,0.0,0.1,0.0
371052,1,0,0,0.0,0.0,0.0
1201051,1,0,0,0.0,0.0,0.0
1311053,1,0,0,0.0,0.1,0.0
631052,1,0,1,0.0,0.1,0.0
181051,1,0,1,0.0,0.0,0.0
1241052,1,0,0,0.0,0.0,0.0
611053,1,0,0,0.0,0.0,0.0
1321055,1,0,0,0.0,0.0,0.0
21052,1,0,0,0.0,0.0,0.0
1121051,1,0,1,0.0,0.1,0.0
61052,1,0,0,0.0,0.0,0.0
101052,1,1,1,0.1,0.0,0.0
1141054,1,0,1,0.0,0.1,0.0
281050,0,6,0,0.0,0.0,0.0
511050,0,3,0,0.0,0.0,0.0
1331050,0,2,0,0.0,0.0,0.0
1191050,0,1,0,0.0,0.0,0.0
251050,0,1,0,0.0,0.0,0.0
851050,0,1,0,0.0,0.0,0.0
141065,44,28,18,0.2,2.8,1.1
41065,40,22,21,0.3,2.5,1.1
601062,38,40,21,0.6,1.9,0.9
261061,38,17,16,0.9,1.3,0.7
1071065,35,26,17,0.3,2.5,0.9
2221061,33,5,16,1.2,1.4,0.3
1141063,32,28,18,0.9,1.0,0.6
611061,30,61,15,0.8,1.4,0.5
841064,27,12,14,0.8,1.3,0.7
901064,26,15,11,0.3,1.5,0.5
521063,26,27,14,0.6,0.9,0.6
1021065,25,4,9,0.1,1.0,0.6
411064,25,21,11,0.3,1.9,0.5
2111062,25,11,10,0.6,1.0,0.4
951063,24,4,10,0.2,1.0,0.5
481064,22,59,14,0.7,1.1,0.4
2011065,21,25,15,0.2,1.8,0.4
891062,21,27,10,0.5,0.5,0.5
571062,21,41,14,0.6,1.0,0.5
581064,20,9,8,0.4,0.8,0.5
411063,19,0,11,0.5,1.1,0.5
301065,18,28,9,0.1,1.5,0.5
11063,18,27,9,0.6,0.6,0.4
961061,18,13,8,0.6,0.7,0.3
781064,16,22,11,0.3,0.9,0.3
761064,15,24,5,0.3,0.7,0.4
211061,14,52,9,0.4,0.5,0.3
1011062,12,13,8,0.3,0.6,0.3
711065,12,13,7,0.1,0.7,0.4
341064,12,8,6,0.3,0.6,0.2
431063,12,59,9,0.3,0.6,0.2
1161061,12,9,10,0.6,0.4,0.2
1261062,12,17,5,0.3,0.3,0.4
31062,11,34,4,0.4,0.3,0.2
461061,11,15,6,0.3,0.4,0.3
1271063,11,13,5,0.1,0.5,0.2
2001061,11,5,8,0.4,0.6,0.1
851063,10,9,5,0.2,0.3,0.3
451061,10,3,4,0.3,0.3,0.2
2241065,10,3,6,0.2,0.5,0.2
241064,9,9,7,0.3,0.4,0.2
1081061,9,10,5,0.4,0.2,0.1
1251064,8,13,1,0.2,0.2,0.3
2361062,8,33,5,0.3,0.2,0.2
791062,8,0,5,0.2,0.3,0.1
971064,7,4,7,0.1,0.6,0.1
1211063,7,6,1,0.1,0.2,0.2
1151061,7,5,1,0.1,0.1,0.2
301062,7,0,2,0.2,0.4,0.1
2361063,7,0,2,0.1,0.2,0.2
1341064,6,8,4,0.1,0.3,0.1
811063,6,7,3,0.2,0.3,0.1
891063,6,0,3,0.2,0.2,0.1
11062,6,0,3,0.2,0.3,0.1
161061,6,0,2,0.2,0.3,0.1
81061,6,0,2,0.2,0.3,0.1
11064,6,0,2,0.1,0.3,0.1
391062,6,0,5,0.2,0.2,0.2
391063,6,34,3,0.2,0.2,0.2
161062,6,45,0,0.1,0.1,0.2
181062,6,8,3,0.1,0.2,0.1
311063,5,2,4,0.1,0.3,0.1
1281064,5,0,2,0.1,0.3,0.1
431062,5,0,2,0.1,0.2,0.1
531064,4,6,1,0.1,0.1,0.1
921063,4,1,2,0.1,0.3,0.1
981061,4,3,2,0.1,0.3,0.1
1051065,4,0,2,0.0,0.4,0.1
361063,4,12,2,0.1,0.1,0.1
341065,4,0,4,0.0,0.2,0.1
881063,4,0,0,0.0,0.1,0.1
101062,4,0,2,0.2,0.2,0.1
2081063,3,2,0,0.0,0.1,0.1
1001063,3,5,2,0.0,0.1,0.0
1001062,3,0,2,0.1,0.2,0.0
471063,3,2,2,0.0,0.2,0.0
1331064,3,5,2,0.0,0.3,0.0
1291062,3,2,2,0.1,0.1,0.1
1341063,3,0,1,0.1,0.1,0.1
121065,3,2,2,0.0,0.2,0.1
771064,3,1,2,0.0,0.2,0.1
951062,2,0,0,0.0,0.1,0.0
1201061,2,0,0,0.0,0.1,0.0
1201063,2,7,1,0.0,0.1,0.0
1141062,2,0,1,0.1,0.1,0.1
151061,2,1,1,0.1,0.1,0.0
1161062,2,0,1,0.1,0.1,0.0
421063,2,5,1,0.0,0.1,0.1
1211062,2,0,2,0.1,0.1,0.0
441061,2,1,1,0.1,0.1,0.0
271065,2,0,1,0.0,0.1,0.1
921065,2,0,0,0.0,0.1,0.0
171063,2,1,1,0.0,0.1,0.0
491062,2,0,0,0.0,0.0,0.0
511062,2,10,1,0.2,0.1,0.0
1141064,2,0,0,0.1,0.1,0.1
2111061,2,0,1,0.1,0.1,0.1
711062,2,0,0,0.0,0.1,0.0
31063,1,0,1,0.0,0.0,0.0
231062,1,1,1,0.0,0.0,0.0
2241062,1,0,1,0.1,0.1,0.0
561061,1,0,0,0.0,0.0,0.0
1181061,1,1,1,0.0,0.0,0.0
2311061,1,3,1,0.1,0.0,0.0
1261061,1,0,1,0.1,0.0,0.0
601063,1,0,0,0.0,0.1,0.0
291062,1,0,0,0.0,0.0,0.1
361064,1,0,1,0.0,0.0,0.0
651062,1,0,0,0.0,0.0,0.0
1171061,1,0,1,0.0,0.0,0.0
2311062,1,0,1,0.0,0.1,0.0
871062,1,0,0,0.0,0.0,0.0
801064,1,0,1,0.0,0.1,0.0
541064,1,1,0,0.0,0.0,0.0
1311065,1,4,1,0.0,0.1,0.0
1091065,1,0,0,0.0,0.1,0.0
591065,1,1,0,0.0,0.1,0.0
2031064,1,0,1,0.0,0.1,0.0
611063,1,0,0,0.0,0.0,0.0
901063,1,0,1,0.0,0.1,0.0
1031062,1,0,0,0.0,0.0,0.1
431061,1,0,1,0.0,0.0,0.0
1121061,1,0,0,0.0,0.0,0.0
481062,1,0,1,0.0,0.1,0.0
781063,1,0,1,0.1,0.0,0.0
71065,1,0,0,0.0,0.1,0.1
871064,1,0,0,0.0,0.0,0.0
2361064,1,0,0,0.0,0.0,0.0
711064,1,0,1,0.0,0.1,0.0
811064,1,0,0,0.0,0.0,0.0
551060,0,3,0,0.0,0.0,0.0
191060,0,1,0,0.0,0.0,0.0
991060,0,1,0,0.0,0.0,0.0
401060,0,1,0,0.0,0.0,0.0
2221201,131,27,76,2.0,2.0,0.9
2001201,106,41,53,1.3,1.5,0.8
1021205,100,63,52,0.2,2.4,0.8
741205,97,63,40,0.2,2.1,1.0
961201,96,80,47,1.2,1.7,0.7
411204,95,64,48,0.5,2.8,0.9
261201,88,51,33,0.9,1.1,0.6
341204,82,72,46,0.7,1.9,0.7
2411205,80,181,40,0.2,2.1,0.4
11203,77,163,42,0.6,1.1,0.7
901204,75,89,34,0.5,1.8,0.5
781204,73,204,45,0.8,1.1,0.6
181202,71,37,41,0.9,1.0,0.5
631205,69,60,41,0.2,2.0,0.5
2361202,63,146,29,0.7,1.0,0.5
611201,63,45,33,0.7,1.0,0.5
851203,61,71,25,0.5,0.8,0.5
841204,59,44,29,0.5,0.9,0.6
2011205,58,28,26,0.1,1.6,0.4
521203,55,43,21,0.4,0.8,0.6
101202,53,29,24,0.4,0.7,0.4
141205,51,12,23,0.1,1.4,0.5
2361204,48,0,31,0.6,0.8,0.4
311203,47,71,31,0.3,1.0,0.3
41205,45,30,28,0.1,1.3,0.4
2311202,45,109,20,0.4,0.8,0.4
391202,41,179,18,0.5,0.6,0.4
1211203,40,33,18,0.4,0.6,0.3
1151201,38,18,22,0.5,0.6,0.3
31203,36,93,18,0.4,0.5,0.3
471202,35,156,21,0.2,1.1,0.2
1341203,35,35,17,0.3,0.4,0.3
431202,35,145,18,0.4,0.6,0.3
1251204,35,23,12,0.2,0.6,0.4
891202,33,73,17,0.3,0.5,0.3
2111202,32,48,14,0.3,0.4,0.2
2421202,32,60,21,0.5,0.5,0.2
581204,31,7,11,0.2,0.5,0.3
391203,28,0,12,0.3,0.4,0.3
241204,28,15,17,0.2,0.5,0.3
1091204,27,8,11,0.1,0.6,0.2
151201,25,13,11,0.2,0.4,0.2
2311203,25,0,11,0.2,0.5,0.3
2361203,24,0,16,0.3,0.4,0.2
31202,23,0,13,0.3,0.2,0.2
301205,23,14,14,0.1,0.7,0.2
481204,22,38,8,0.2,0.4,0.2
891203,22,0,13,0.1,0.3,0.2
1031202,21,23,8,0.2,0.4,0.2
951203,19,3,12,0.1,0.4,0.2
711205,19,24,13,0.1,0.6,0.2
701203,19,21,11,0.2,0.2,0.2
431203,18,0,10,0.1,0.3,0.2
1221205,17,12,6,0.0,0.4,0.2
11202,17,0,6,0.1,0.2,0.1
81201,16,7,7,0.1,0.4,0.1
471203,16,0,9,0.1,0.4,0.1
461201,16,25,9,0.2,0.3,0.1
331203,15,4,9,0.1,0.2,0.1
971204,15,9,9,0.0,0.4,0.1
2241205,14,16,9,0.1,0.3,0.1
11204,14,0,8,0.2,0.3,0.1
981201,14,22,7,0.1,0.3,0.1
421203,14,12,8,0.2,0.2,0.1
591205,13,3,4,0.0,0.3,0.1
1161201,13,2,7,0.2,0.2,0.1
851202,13,0,7,0.1,0.2,0.1
571202,12,41,6,0.1,0.3,0.1
1261202,12,35,6,0.1,0.2,0.1
181203,12,0,6,0.1,0.1,0.1
281203,12,9,5,0.1,0.1,0.1
881202,11,12,7,0.2,0.3,0.1
471205,11,0,3,0.0,0.2,0.1
1081202,11,2,4,0.1,0.1,0.1
1051205,11,3,3,0.0,0.2,0.1
881203,9,0,2,0.1,0.1,0.1
1201203,8,4,2,0.1,0.1,0.1
541204,8,6,2,0.0,0.1,0.1
451201,8,0,3,0.1,0.1,0.1
741202,7,0,4,0.1,0.2,0.1
621202,7,1,4,0.0,0.2,0.0
1211202,7,0,4,0.1,0.1,0.0
161202,6,9,3,0.1,0.1,0.0
341205,6,0,3,0.0,0.1,0.1
811203,6,3,2,0.0,0.1,0.0
1341202,5,0,1,0.1,0.1,0.0
521202,5,0,1,0.0,0.1,0.0
1071205,5,5,4,0.0,0.1,0.0
761204,5,2,1,0.0,0.1,0.1
271205,5,5,2,0.0,0.1,0.1
361203,5,1,2,0.0,0.1,0.0
601202,5,1,2,0.0,0.1,0.1
111205,5,0,3,0.0,0.2,0.0
811204,4,0,2,0.0,0.1,0.0
801202,4,9,3,0.0,0.1,0.0
611202,4,0,1,0.0,0.0,0.0
1011202,4,2,2,0.0,0.1,0.0
801205,3,0,0,0.0,0.0,0.1
2241203,3,0,2,0.0,0.0,0.0
561201,3,0,2,0.1,0.0,0.0
751204,3,16,0,0.0,0.0,0.0
1201202,3,0,2,0.1,0.1,0.0
901203,3,0,0,0.0,0.1,0.1
1031204,3,0,0,0.0,0.1,0.0
1111203,3,8,2,0.0,0.1,0.0
2111203,3,0,2,0.0,0.1,0.0
901205,3,0,3,0.0,0.2,0.0
2421204,3,0,1,0.0,0.1,0.0
441201,3,0,3,0.1,0.1,0.0
1341204,2,0,1,0.0,0.0,0.0
2081203,2,0,1,0.0,0.0,0.0
491202,2,0,1,0.0,0.0,0.0
1151202,2,0,2,0.0,0.0,0.0
871203,2,0,1,0.0,0.0,0.0
2411201,2,0,1,0.0,0.1,0.0
1211201,2,0,0,0.0,0.0,0.0
221203,2,0,1,0.0,0.0,0.0
1081201,2,0,0,0.0,0.0,0.0
1261203,2,0,0,0.0,0.0,0.0
651202,1,0,0,0.0,0.0,0.0
1011203,1,0,0,0.0,0.0,0.0
231202,1,0,1,0.0,0.0,0.0
91203,1,0,0,0.0,0.0,0.0
611203,1,0,1,0.0,0.0,0.0
1111202,1,0,0,0.0,0.0,0.0
1291203,1,2,1,0.0,0.0,0.0
821201,1,0,0,0.0,0.0,0.0
1181202,1,0,0,0.0,0.0,0.0
791201,1,0,0,0.0,0.0,0.0
571203,1,0,1,0.0,0.0,0.0
821202,1,0,0,0.0,0.0,0.0
1291202,1,0,0,0.0,0.0,0.0
1081203,1,0,1,0.0,0.0,0.0
211201,1,8,1,0.0,0.0,0.0
1261201,1,0,0,0.0,0.0,0.0
1041203,1,0,0,0.0,0.0,0.0
1311202,1,1,0,0.0,0.0,0.0
1021203,1,0,1,0.0,0.0,0.0
1001201,1,0,0,0.0,0.0,0.0
811202,1,0,1,0.0,0.0,0.0
181201,1,0,0,0.0,0.0,0.0
531204,1,0,0,0.0,0.0,0.0
781203,1,0,1,0.0,0.0,0.0
821203,1,0,0,0.0,0.0,0.0
471201,1,0,0,0.0,0.0,0.0
971202,1,0,1,0.0,0.1,0.0
1241202,1,0,1,0.0,0.0,0.0
391201,1,0,1,0.0,0.0,0.0
1191204,1,0,1,0.0,0.0,0.0
981205,1,0,1,0.0,0.0,0.0
551203,1,5,0,0.0,0.0,0.0
761202,1,0,1,0.0,0.0,0.0
551202,1,0,0,0.0,0.0,0.0
931204,1,0,1,0.0,0.0,0.0
791202,1,1,1,0.0,0.0,0.0
2241201,1,0,1,0.0,0.0,0.0
311202,1,0,1,0.0,0.0,0.0
1201201,1,0,1,0.0,0.0,0.0
1271203,1,4,1,0.0,0.0,0.0
2421203,1,0,0,0.0,0.0,0.0
2031204,1,0,0,0.0,0.0,0.0
871202,1,0,1,0.0,0.0,0.0
1331200,0,1,0,0.0,0.0,0.0
1281200,0,1,0,0.0,0.0,0.0
11223,55,54,34,1.2,1.8,1.0
411224,55,22,21,0.6,3.3,1.5
2001221,55,19,26,1.7,1.9,0.8
901224,52,54,25,0.7,2.9,0.9
961221,51,22,22,1.1,2.0,0.7
2011225,42,22,21,0.3,3.1,0.8
741225,40,10,15,0.2,2.2,1.3
181222,36,26,16,1.0,1.2,0.5
261221,35,21,19,0.9,1.2,0.4
1021225,34,21,10,0.2,1.5,0.9
631225,27,10,19,0.3,1.9,0.4
101222,27,44,12,0.7,0.8,0.5
971224,27,22,18,0.3,1.7,0.6
141225,27,10,15,0.1,1.9,0.5
311223,23,22,12,0.6,1.1,0.5
2361222,21,49,11,0.6,0.9,0.5
341224,21,15,14,0.4,1.4,0.4
431223,20,25,13,0.5,0.7,0.4
841224,19,6,10,0.5,0.8,0.3
2221221,19,11,12,0.9,0.9,0.3
31222,18,45,12,0.8,0.6,0.3
2411225,18,101,13,0.1,1.5,0.2
521223,17,17,9,0.3,0.6,0.3
151221,16,9,13,0.5,0.8,0.2
881223,16,30,8,0.4,0.7,0.4
1151221,16,7,5,0.4,0.6,0.4
1091224,15,7,11,0.2,1.0,0.2
2361224,14,0,5,0.2,0.4,0.3
981221,14,67,9,0.2,1.0,0.3
391222,14,77,9,0.4,0.7,0.3
31223,12,0,4,0.4,0.3,0.3
811223,12,8,6,0.2,0.5,0.2
611221,11,3,6,0.3,0.5,0.3
1111222,11,20,7,0.2,0.4,0.2
2421222,11,23,7,0.5,0.5,0.2
1071225,10,4,5,0.1,0.7,0.2
851223,10,4,5,0.2,0.4,0.3
781224,9,22,5,0.2,0.3,0.2
391223,9,0,3,0.2,0.3,0.3
2311223,9,14,3,0.2,0.3,0.2
711225,8,11,4,0.1,0.6,0.2
891222,8,21,1,0.1,0.2,0.2
1201222,8,5,7,0.2,0.3,0.1
551223,8,3,4,0.2,0.5,0.2
791222,8,1,4,0.1,0.4,0.1
471223,7,62,3,0.1,0.3,0.1
581224,7,3,2,0.1,0.2,0.2
1051225,7,7,5,0.0,0.6,0.1
211221,7,8,2,0.3,0.3,0.1
1011222,7,4,3,0.2,0.2,0.1
2111222,6,4,2,0.1,0.2,0.1
1211222,6,6,3,0.1,0.3,0.2
241224,6,7,2,0.1,0.2,0.2
1341223,5,15,4,0.2,0.2,0.1
41225,5,8,2,0.0,0.3,0.1
1261222,5,14,3,0.2,0.3,0.1
471222,5,0,1,0.0,0.2,0.1
1251224,5,1,3,0.1,0.3,0.1
2361223,5,0,3,0.1,0.3,0.1
571222,5,19,3,0.2,0.2,0.1
361224,4,4,3,0.1,0.2,0.1
591225,4,1,3,0.1,0.3,0.1
1081223,4,4,1,0.1,0.1,0.1
61222,4,6,3,0.1,0.2,0.1
1031222,4,1,2,0.1,0.2,0.1
2241225,4,1,2,0.1,0.1,0.1
1211223,4,0,0,0.1,0.1,0.1
1181222,4,3,2,0.2,0.2,0.1
81221,4,0,2,0.1,0.2,0.1
2241223,3,0,0,0.0,0.0,0.1
2311222,3,0,1,0.0,0.1,0.1
161222,3,2,1,0.0,0.1,0.1
1171222,3,2,1,0.1,0.1,0.1
431222,3,0,1,0.0,0.1,0.0
101223,3,0,1,0.1,0.1,0.1
1081222,3,0,0,0.1,0.1,0.1
301225,3,1,2,0.0,0.2,0.1
871223,3,8,2,0.1,0.1,0.0
111225,3,0,1,0.0,0.1,0.1
1321225,2,1,1,0.0,0.1,0.1
1081221,2,0,1,0.0,0.1,0.0
1291222,2,0,0,0.0,0.0,0.0
2081223,2,1,0,0.0,0.1,0.0
891223,2,0,2,0.0,0.1,0.1
421223,2,2,1,0.0,0.1,0.0
451221,2,0,2,0.1,0.1,0.0
471225,2,0,0,0.0,0.1,0.1
631222,2,0,2,0.1,0.2,0.0
461221,2,5,1,0.1,0.1,0.1
601222,2,1,1,0.0,0.1,0.1
161223,2,0,0,0.0,0.0,0.1
11222,2,0,0,0.0,0.0,0.1
1311222,2,5,2,0.1,0.2,0.0
851222,1,0,1,0.1,0.1,0.0
1261221,1,0,0,0.0,0.0,0.1
201222,1,2,0,0.0,0.0,0.1
1041222,1,0,0,0.0,0.0,0.0
341225,1,0,0,0.0,0.0,0.0
1201223,1,0,0,0.0,0.1,0.1
1191224,1,1,0,0.0,0.1,0.0
641223,1,0,0,0.0,0.0,0.0
281223,1,2,0,0.0,0.0,0.0
1201221,1,0,0,0.0,0.0,0.1
21222,1,0,1,0.0,0.1,0.0
351224,1,0,0,0.0,0.0,0.0
921223,1,0,1,0.0,0.1,0.0
11224,1,0,0,0.0,0.0,0.0
1221223,1,0,1,0.0,0.1,0.0
481222,1,3,1,0.0,0.1,0.0
1171225,1,0,0,0.0,0.0,0.0
771224,1,0,1,0.0,0.1,0.0
411225,1,0,1,0.0,0.1,0.0
411223,1,0,0,0.0,0.0,0.0
1011221,1,0,0,0.0,0.0,0.0
881222,1,0,0,0.0,0.1,0.0
721225,1,0,1,0.0,0.1,0.0
481224,1,0,0,0.0,0.1,0.0
761224,1,0,0,0.0,0.1,0.1
611222,1,0,0,0.0,0.0,0.0
1111223,1,0,0,0.0,0.0,0.0
711221,1,0,0,0.0,0.0,0.0
1291221,1,0,0,0.0,0.0,0.0
1161221,1,0,0,0.0,0.0,0.0
1271220,0,1,0,0.0,0.0,0.0
541220,0,1,0,0.0,0.0,0.0
11233,99,67,45,2.3,3.4,2.3
1021235,99,79,48,0.3,5.6,2.1
901234,94,116,53,1.4,6.8,1.8
261231,91,86,44,3.0,3.4,1.5
2001231,81,39,47,3.7,4.2,1.6
101232,76,59,39,2.6,4.1,1.8
2221231,60,9,30,3.7,3.7,1.6
431233,59,77,35,2.7,4.4,2.4
741235,56,30,27,0.5,6.0,3.1
2011235,56,22,36,0.4,7.6,2.2
631235,55,49,26,0.6,6.9,2.0
581234,54,25,31,2.2,5.6,2.2
411234,54,38,24,1.0,7.0,2.3
181232,52,62,30,3.2,4.2,1.5
1151231,51,36,25,3.2,4.4,1.8
961231,48,23,18,3.0,4.1,1.9
521233,47,70,23,2.6,3.1,2.5
2411235,43,167,19,0.7,6.7,1.5
31232,42,72,24,3.8,4.1,1.4
141235,40,11,22,0.2,6.6,2.1
1341233,37,35,22,3.2,4.7,2.3
781234,32,55,9,1.8,3.2,2.4
611231,31,13,15,2.6,3.4,1.6
971234,30,46,16,1.3,6.2,1.8
241234,29,34,17,2.4,4.7,2.3
2361232,29,59,13,2.6,4.6,2.0
1211233,28,39,13,3.1,3.5,2.5
851233,28,23,17,3.0,4.9,2.1
2111232,28,26,9,2.1,3.8,1.9
341234,27,49,11,2.3,5.6,2.8
1251234,27,23,12,2.1,5.0,2.7
461231,27,45,16,2.7,5.0,1.5
841234,26,34,12,2.6,4.2,2.5
2361234,26,0,17,2.9,6.3,2.4
1031232,25,59,14,2.8,4.6,1.9
981231,25,28,11,1.8,5.3,1.7
2311233,24,63,8,1.8,3.8,2.4
481234,24,52,11,2.4,5.5,3.0
311233,23,19,10,1.7,4.7,2.7
571232,20,45,8,2.8,4.4,1.8
391233,19,109,8,2.8,3.6,3.1
1071235,19,13,8,0.7,7.6,2.7
41235,19,14,11,0.6,8.0,3.9
2311232,19,0,13,2.4,6.3,1.9
1091234,19,15,10,1.3,5.8,2.3
471233,18,108,6,1.0,4.5,3.1
1221235,18,12,7,0.8,6.3,3.2
471232,17,0,6,1.3,4.8,1.5
11232,17,0,7,1.6,3.2,2.0
81231,17,12,9,2.4,6.8,1.9
891232,16,31,7,1.6,3.3,2.3
301235,15,4,6,0.7,5.5,3.4
2361233,14,0,9,2.0,4.7,2.8
391232,14,0,7,3.1,3.9,2.4
1261232,13,29,9,3.2,4.5,1.8
31233,13,0,7,3.3,3.8,1.8
601232,13,5,6,1.6,4.2,2.3
891233,13,0,9,2.4,3.7,1.8
431232,12,0,8,2.3,5.3,1.8
2241235,12,6,5,2.2,4.7,2.6
851232,9,0,4,1.9,3.9,2.4
211231,8,3,5,5.0,4.3,1.5
2421232,8,8,3,3.3,5.8,3.5
551233,8,4,3,2.0,4.5,1.8
471235,7,0,5,0.6,9.3,2.4
1181232,7,1,2,2.6,6.3,2.0
711235,7,15,1,0.7,8.3,2.4
281233,7,10,5,2.0,1.3,2.1
1341232,7,0,5,2.4,5.9,1.6
451231,6,0,3,2.0,5.2,2.0
331233,6,3,2,2.3,1.7,3.2
591235,5,0,3,0.4,6.6,2.2
1211232,5,0,4,3.2,4.6,1.0
1161231,4,2,2,3.0,2.8,1.3
1261231,4,0,2,2.5,5.5,2.5
1051235,4,4,2,0.5,7.5,1.5
531234,4,0,3,2.3,2.8,1.5
631232,4,0,3,1.3,6.5,1.5
1011232,4,0,0,1.8,7.5,4.5
1171232,4,3,4,2.3,5.0,0.8
621232,4,4,0,2.3,3.0,2.3
251234,4,1,3,4.0,4.5,2.5
341235,4,0,2,1.8,4.3,2.5
701233,4,0,2,2.8,1.0,1.8
11234,4,0,2,2.0,5.0,2.8
921235,3,0,1,0.0,4.0,3.7
611232,3,0,1,3.3,4.7,2.3
151231,3,6,1,3.0,1.7,2.0
1201231,3,1,1,1.0,3.3,2.3
421233,3,2,1,2.7,4.7,3.3
1031234,3,0,1,3.0,6.3,2.7
791232,3,0,1,1.7,7.3,2.7
901235,3,0,3,1.3,12.7,1.7
421234,2,0,1,2.0,2.0,3.0
821233,2,0,1,3.5,2.0,2.0
2241233,2,0,2,5.0,4.0,1.5
1211231,2,0,1,3.5,5.5,3.0
491232,2,1,2,3.0,4.5,2.0
1291232,2,0,0,1.5,2.0,4.0
1201233,2,0,0,1.0,4.0,4.5
1271233,2,3,0,1.0,4.0,4.0
2031234,2,1,0,2.0,4.0,4.0
951233,2,0,1,2.0,7.0,3.0
1111232,2,0,1,3.0,4.0,2.0
1021233,2,0,1,0.5,5.0,3.0
231232,2,0,2,5.0,3.5,1.5
161232,2,0,1,1.0,2.5,1.5
811233,2,0,1,2.5,3.5,2.0
471231,2,0,2,1.0,8.0,0.0
2241231,2,0,1,5.5,5.5,2.5
1281234,2,0,0,1.0,4.0,2.5
361234,1,0,0,1.0,0.0,1.0
721235,1,0,1,1.0,7.0,0.0
901233,1,0,1,1.0,9.0,1.0
2221234,1,0,0,0.0,1.0,1.0
1241232,1,0,0,2.0,7.0,3.0
301232,1,0,0,0.0,2.0,4.0
121235,1,0,0,0.0,2.0,9.0
541234,1,7,1,1.0,5.0,3.0
2081233,1,1,1,0.0,6.0,2.0
711232,1,0,0,3.0,4.0,1.0
1201232,1,0,0,2.0,6.0,4.0
411235,1,0,1,3.0,8.0,2.0
711231,1,0,1,1.0,15.0,3.0
881233,1,0,1,1.0,9.0,4.0
1081231,1,2,0,3.0,3.0,1.0
1141234,1,0,0,4.0,0.0,5.0
1041232,1,0,0,0.0,4.0,2.0
341233,1,0,0,1.0,3.0,3.0
761234,1,1,0,1.0,2.0,4.0
561231,1,1,0,3.0,11.0,2.0
291232,1,0,1,5.0,7.0,4.0
1081232,1,0,0,0.0,0.0,4.0
801230,0,1,0,0.0,0.0,0.0
371230,0,1,0,0.0,0.0,0.0
941230,0,1,0,0.0,0.0,0.0
2011265,49,34,26,0.4,3.5,1.4
2001261,48,43,21,1.5,1.7,1.0
901264,38,52,19,0.8,2.6,0.9
31262,38,23,19,1.4,1.3,0.8
181262,36,16,20,1.4,1.4,0.7
261261,35,21,14,1.0,1.2,0.6
341264,34,16,19,0.7,2.0,0.8
2361262,33,40,18,1.1,1.6,0.8
1021265,32,7,20,0.2,1.9,0.7
11263,30,57,11,0.6,1.2,0.8
961261,30,13,16,1.0,1.4,0.5
2221261,29,9,15,1.1,1.3,0.6
411264,27,17,17,0.3,2.4,0.6
101262,27,27,12,0.7,0.9,0.6
581264,25,13,14,0.7,1.4,0.7
741265,24,17,12,0.2,1.5,0.8
611261,24,15,10,0.8,1.1,0.6
781264,23,39,7,0.5,0.8,0.6
2411265,23,76,12,0.3,2.0,0.4
851263,19,14,7,0.4,0.7,0.6
2361264,19,0,8,0.5,1.0,0.5
241264,18,26,11,0.4,0.7,0.4
141265,18,15,6,0.1,1.0,0.4
881263,17,12,9,0.2,0.8,0.4
331263,17,6,10,0.2,0.7,0.3
521263,16,19,4,0.5,0.5,0.5
471263,16,43,9,0.2,0.9,0.3
41265,15,5,7,0.1,1.1,0.5
971264,14,12,4,0.2,0.9,0.4
631265,14,13,6,0.1,1.1,0.3
311263,13,22,7,0.3,0.8,0.3
551263,11,9,8,0.3,0.5,0.2
11262,11,0,5,0.3,0.5,0.3
431263,10,12,3,0.3,0.3,0.2
1071265,10,10,6,0.1,1.0,0.2
1111262,10,16,6,0.3,0.6,0.2
711265,10,6,4,0.0,0.7,0.3
2241265,10,11,6,0.3,0.5,0.4
391262,9,63,3,0.3,0.3,0.3
2311263,9,21,6,0.2,0.5,0.2
701263,8,19,3,0.2,0.3,0.2
2421262,8,0,6,0.5,0.3,0.3
891262,8,16,3,0.1,0.3,0.2
2421264,8,49,6,0.3,0.5,0.2
1081261,8,4,3,0.2,0.2,0.2
421263,8,6,7,0.3,0.3,0.2
81261,7,4,4,0.2,0.4,0.1
1251264,6,0,2,0.2,0.2,0.2
1211263,6,3,2,0.1,0.1,0.1
1151261,6,2,4,0.3,0.2,0.1
841264,6,3,2,0.1,0.2,0.2
981261,6,29,4,0.2,0.3,0.1
471261,6,0,5,0.1,0.5,0.1
1201263,5,0,4,0.1,0.2,0.1
411263,5,0,3,0.1,0.3,0.1
1011262,5,3,3,0.1,0.1,0.1
2311262,5,0,2,0.1,0.3,0.1
31263,5,0,4,0.2,0.2,0.1
1261262,5,33,1,0.1,0.2,0.2
391263,5,0,3,0.1,0.3,0.1
211261,4,47,1,0.1,0.1,0.1
851262,4,0,2,0.2,0.1,0.1
1261261,4,0,3,0.2,0.2,0.1
341265,4,0,3,0.1,0.3,0.2
321261,4,0,3,0.2,0.3,0.1
151261,4,3,1,0.1,0.1,0.1
1051265,4,0,1,0.0,0.2,0.1
811263,4,4,2,0.1,0.2,0.1
231262,3,0,1,0.1,0.0,0.1
921265,3,6,1,0.0,0.2,0.1
1161261,3,0,2,0.1,0.2,0.0
181261,3,0,3,0.1,0.3,0.1
921263,3,0,1,0.0,0.2,0.1
471262,3,0,2,0.0,0.1,0.1
1081262,3,0,3,0.1,0.2,0.1
2421263,3,0,1,0.1,0.1,0.1
591265,3,0,1,0.1,0.2,0.1
431262,3,0,1,0.1,0.1,0.1
161262,3,3,2,0.1,0.2,0.1
1221265,3,1,1,0.1,0.2,0.2
571262,3,7,0,0.0,0.0,0.1
271265,3,6,2,0.1,0.2,0.1
451261,2,1,0,0.0,0.1,0.1
251264,2,3,1,0.1,0.1,0.1
1311265,2,0,1,0.1,0.3,0.1
1341262,2,5,2,0.1,0.1,0.0
1291262,2,1,1,0.0,0.0,0.1
2361263,2,0,1,0.0,0.1,0.0
1191264,2,0,1,0.0,0.1,0.0
891263,2,0,1,0.0,0.1,0.0
861263,2,0,1,0.0,0.1,0.1
321263,1,0,0,0.0,0.0,0.0
491262,1,0,0,0.0,0.0,0.0
531263,1,0,0,0.0,0.0,0.0
1091264,1,1,0,0.0,0.1,0.1
401261,1,0,1,0.0,0.2,0.0
1331264,1,0,1,0.0,0.1,0.0
811265,1,0,0,0.0,0.0,0.1
291262,1,0,0,0.1,0.0,0.1
1341263,1,0,0,0.0,0.0,0.0
2081263,1,0,0,0.0,0.1,0.0
2111262,1,1,0,0.0,0.0,0.0
1161263,1,0,1,0.0,0.0,0.0
1031262,1,0,0,0.0,0.0,0.0
2241261,1,0,1,0.1,0.1,0.0
111265,1,0,0,0.0,0.1,0.1
1011261,1,0,1,0.1,0.1,0.0
581262,1,0,0,0.1,0.1,0.1
481264,1,0,0,0.0,0.1,0.0
561261,1,0,1,0.0,0.1,0.0
1041262,1,0,1,0.1,0.0,0.0
71263,1,0,1,0.0,0.1,0.0
351264,1,0,0,0.0,0.0,0.0
541264,1,1,1,0.1,0.0,0.0
821263,1,1,1,0.1,0.1,0.0
481262,1,1,0,0.0,0.0,0.0
181263,1,0,0,0.0,0.0,0.0
211262,1,0,1,0.1,0.1,0.1
781263,1,0,1,0.1,0.0,0.0
2011261,1,0,1,0.0,0.2,0.0
1281264,1,0,0,0.0,0.1,0.0
2031263,1,0,1,0.1,0.2,0.1
441261,1,0,1,0.0,0.0,0.0
761264,1,0,1,0.0,0.1,0.0
991263,1,0,1,0.0,0.1,0.0
531264,1,0,1,0.1,0.1,0.0
121265,1,3,0,0.0,0.0,0.0
701261,1,0,0,0.0,0.0,0.0
361263,1,0,0,0.0,0.0,0.0
1141263,1,0,1,0.1,0.1,0.0
1271263,1,0,1,0.1,0.0,0.0
1121262,1,0,1,0.1,0.1,0.0
461260,0,5,0,0.0,0.0,0.0
371260,0,4,0,0.0,0.0,0.0
651260,0,1,0,0.0,0.0,0.0
1241260,0,1,0,0.0,0.0,0.0
201260,0,1,0,0.0,0.0,0.0
1001260,0,1,0,0.0,0.0,0.0
681521,195,22,96,2.2,2.9,1.2
1151521,159,88,82,1.8,2.5,1.1
741525,157,61,75,0.3,3.4,1.5
11523,131,34,68,0.9,1.7,1.0
581524,124,66,60,0.9,2.2,1.0
2481521,124,226,69,1.4,1.8,0.7
2081523,122,99,62,0.6,2.3,0.9
411524,120,131,62,0.5,3.5,1.0
851523,114,127,62,0.9,1.6,0.8
141525,104,37,53,0.1,2.5,0.7
1071525,97,134,54,0.2,2.6,0.8
591525,97,38,49,0.2,2.0,0.9
101522,89,75,45,0.9,1.3,0.6
461521,81,130,41,0.9,1.1,0.5
1091524,81,47,48,0.4,1.9,0.5
701523,78,87,38,0.7,1.0,0.8
841524,74,52,37,0.7,1.1,0.6
571522,70,162,35,0.8,1.0,0.4
2111522,70,149,29,0.7,1.2,0.4
241524,67,173,32,0.5,1.1,0.5
2501523,65,182,32,0.4,0.9,0.6
781524,61,162,27,0.6,0.9,0.5
1021525,61,35,34,0.1,1.3,0.5
1011522,58,53,34,0.6,0.9,0.4
881522,58,117,25,0.6,1.1,0.4
2471521,57,159,33,0.5,1.3,0.4
1051525,51,36,26,0.1,1.4,0.4
691523,44,48,20,0.4,0.7,0.3
901524,44,50,21,0.2,0.9,0.3
181522,42,12,26,0.5,0.7,0.2
2361522,40,51,19,0.4,0.6,0.3
341524,37,44,17,0.2,0.7,0.3
2221521,36,8,13,0.4,0.5,0.2
2011525,34,9,20,0.0,0.9,0.3
661523,28,9,14,0.1,0.5,0.2
491522,26,79,15,0.4,0.3,0.1
601522,25,13,13,0.2,0.5,0.2
261521,23,4,10,0.3,0.2,0.2
2501525,23,0,12,0.1,0.5,0.3
301522,22,24,14,0.2,0.5,0.1
541524,20,12,11,0.2,0.3,0.1
2311522,20,10,9,0.2,0.3,0.2
611522,19,52,6,0.2,0.2,0.2
801522,18,97,9,0.2,0.3,0.2
2411525,17,22,10,0.0,0.5,0.1
311523,17,23,7,0.1,0.2,0.1
391522,17,62,12,0.1,0.3,0.1
521523,17,8,9,0.1,0.2,0.2
161522,16,12,7,0.2,0.3,0.1
2421524,15,39,7,0.1,0.2,0.1
121525,15,19,6,0.0,0.3,0.1
231524,15,8,7,0.1,0.3,0.1
2361524,13,0,6,0.1,0.2,0.1
881523,13,0,8,0.1,0.2,0.1
111525,13,13,4,0.0,0.3,0.1
2421522,12,0,4,0.1,0.2,0.1
41525,12,2,5,0.0,0.3,0.1
891522,11,8,5,0.1,0.2,0.1
791522,11,4,6,0.1,0.2,0.1
1341523,10,6,2,0.1,0.1,0.1
751524,10,9,5,0.1,0.1,0.1
711525,10,13,4,0.0,0.2,0.1
201522,10,7,5,0.1,0.2,0.1
351524,9,16,6,0.1,0.2,0.0
431523,9,8,2,0.0,0.1,0.1
231522,9,0,4,0.1,0.1,0.0
1211523,8,4,3,0.1,0.1,0.1
611521,8,0,2,0.1,0.1,0.1
151521,8,4,5,0.1,0.1,0.0
2501524,8,0,3,0.0,0.1,0.1
431522,7,0,4,0.1,0.1,0.1
2001521,7,3,2,0.1,0.1,0.1
391523,7,0,2,0.0,0.0,0.1
281523,7,10,6,0.1,0.1,0.0
471525,6,4,4,0.0,0.2,0.0
641523,6,3,3,0.0,0.1,0.0
1201522,6,1,5,0.1,0.1,0.0
421523,6,4,4,0.0,0.1,0.0
2361523,6,0,1,0.0,0.1,0.1
1031524,5,0,3,0.0,0.1,0.0
741522,5,0,2,0.0,0.1,0.0
1031522,5,7,1,0.0,0.1,0.0
811523,5,4,3,0.0,0.1,0.0
461523,5,0,4,0.0,0.1,0.0
91522,5,6,3,0.0,0.1,0.0
401523,4,0,3,0.0,0.1,0.0
111521,4,0,1,0.0,0.1,0.0
2501522,4,0,2,0.0,0.1,0.0
1151522,4,0,1,0.0,0.1,0.1
801524,4,0,2,0.0,0.1,0.0
851522,4,0,2,0.0,0.1,0.0
1311522,4,3,2,0.0,0.1,0.0
471522,4,0,1,0.0,0.1,0.0
551522,4,5,3,0.0,0.1,0.0
1011521,4,0,3,0.0,0.1,0.0
11522,4,0,3,0.0,0.1,0.0
2081522,4,0,2,0.0,0.1,0.0
2421523,3,0,1,0.0,0.0,0.0
2241521,3,0,0,0.0,0.0,0.0
31522,3,34,0,0.0,0.0,0.0
611523,3,0,2,0.0,0.1,0.1
401525,3,0,0,0.0,0.1,0.0
1111522,3,1,3,0.0,0.1,0.0
1281524,3,0,2,0.0,0.1,0.0
661525,3,0,1,0.0,0.1,0.0
31523,2,0,0,0.0,0.0,0.0
821523,2,6,1,0.0,0.0,0.0
431525,2,0,0,0.0,0.0,0.0
1211522,2,0,0,0.0,0.0,0.0
801525,2,0,0,0.0,0.0,0.0
701522,2,0,1,0.0,0.0,0.0
791525,2,0,0,0.0,0.0,0.0
571525,2,0,1,0.0,0.1,0.0
761524,2,2,1,0.0,0.0,0.0
661524,2,0,0,0.0,0.0,0.0
761522,2,0,0,0.0,0.0,0.0
81521,2,0,1,0.0,0.0,0.0
2471525,2,0,0,0.0,0.0,0.0
481524,1,1,1,0.0,0.0,0.0
881525,1,0,0,0.0,0.0,0.0
2241525,1,0,1,0.0,0.0,0.0
441521,1,0,1,0.0,0.0,0.0
2111523,1,0,0,0.0,0.0,0.0
551523,1,0,1,0.0,0.0,0.0
1251524,1,0,0,0.0,0.0,0.0
561521,1,0,0,0.0,0.0,0.0
2311523,1,0,0,0.0,0.0,0.0
1041522,1,0,0,0.0,0.0,0.0
361523,1,0,0,0.0,0.0,0.0
571523,1,0,0,0.0,0.0,0.0
811524,1,0,1,0.0,0.0,0.0
621525,1,0,0,0.0,0.0,0.0
1301522,1,0,1,0.0,0.0,0.0
961521,1,1,0,0.0,0.0,0.0
661522,1,0,0,0.0,0.0,0.0
801521,1,0,0,0.0,0.0,0.0
771524,1,0,0,0.0,0.0,0.0
511523,1,0,1,0.0,0.0,0.0
1161522,1,0,1,0.0,0.0,0.0
1161523,1,0,1,0.0,0.0,0.0
1081521,1,0,1,0.0,0.0,0.0
331523,1,0,0,0.0,0.0,0.0
541521,1,0,0,0.0,0.0,0.0
1261522,1,3,1,0.0,0.0,0.0
1161521,1,3,0,0.0,0.0,0.0
211521,1,0,0,0.0,0.0,0.0
301525,1,0,0,0.0,0.0,0.0
1221525,1,0,1,0.0,0.0,0.0
491525,1,0,0,0.0,0.0,0.0
1341524,1,0,1,0.0,0.0,0.0
1021521,1,0,0,0.0,0.0,0.0
691524,1,0,0,0.0,0.0,0.0
851525,1,0,0,0.0,0.0,0.0
921520,0,1,0,0.0,0.0,0.0
681531,115,12,53,3.7,3.9,1.8
411534,99,45,49,1.3,7.6,2.4
2081533,81,91,46,1.5,6.0,2.1
11533,73,29,31,2.0,3.4,2.5
2111532,72,85,38,2.9,5.2,1.6
2481531,72,134,40,4.2,4.3,1.5
741535,71,41,30,0.6,5.5,3.2
101532,67,51,37,2.7,4.1,1.7
1051535,66,25,33,0.3,7.9,2.3
2501533,63,125,32,2.3,4.3,2.6
1091534,63,39,38,1.4,7.1,1.9
261531,59,15,27,3.3,3.1,1.9
461531,59,60,34,4.0,4.4,1.5
781534,57,67,33,2.5,5.5,1.9
1151531,51,58,31,3.8,4.6,1.9
581534,49,24,13,2.0,4.6,2.8
141535,48,16,26,0.4,7.8,2.3
901534,47,7,24,1.8,6.7,1.7
1021535,44,24,24,0.4,6.1,1.8
571532,42,106,23,3.5,4.5,1.8
1071535,40,31,21,0.4,7.6,2.4
841534,39,31,22,2.6,4.5,2.5
241534,39,63,19,2.3,4.4,2.2
341534,38,28,19,1.6,5.5,1.7
2411535,38,57,14,0.6,7.4,1.6
2471531,35,86,21,2.4,6.1,1.4
1011532,31,37,13,2.0,3.9,1.8
881532,31,34,13,2.1,5.0,1.6
521533,28,15,16,1.9,3.8,2.6
2011535,28,7,13,0.3,7.5,2.5
2221531,27,7,11,3.9,3.6,1.7
431533,25,18,16,3.3,5.2,2.4
701533,23,21,8,2.7,2.8,3.8
2081532,22,0,13,1.6,6.5,1.9
2001531,20,12,9,3.8,2.8,2.2
31533,17,58,11,2.6,3.5,1.9
881533,17,0,8,2.7,5.9,2.8
851533,17,52,8,1.5,5.2,2.0
2361533,17,19,9,3.4,5.4,3.2
801532,16,44,9,2.3,3.6,1.9
611533,16,50,4,2.4,3.4,2.6
711535,16,13,10,1.4,8.9,1.7
301532,15,7,9,3.4,5.7,1.8
331533,15,4,6,1.1,3.7,2.9
591535,14,12,5,0.5,6.1,4.9
2501535,13,0,7,0.8,5.5,3.3
231532,13,11,6,2.1,4.5,1.8
41535,13,1,8,0.4,9.3,2.1
471535,12,8,7,1.0,7.8,1.2
991533,12,46,7,0.8,7.4,1.4
311533,11,7,9,2.1,7.6,2.1
161532,11,3,4,2.4,3.0,2.5
2361532,11,0,6,3.1,4.3,2.5
1201532,11,3,4,3.5,3.5,2.3
2471535,10,0,6,1.5,7.3,2.3
31532,10,0,5,2.8,4.1,2.0
181532,10,4,7,3.3,4.2,1.1
791532,10,3,3,2.3,3.9,1.7
121535,10,12,8,1.2,6.5,2.7
111535,10,1,7,0.7,8.3,1.8
2421532,9,19,5,2.3,4.4,2.2
611532,9,0,5,2.1,4.7,2.0
1341533,9,6,4,2.6,2.2,1.9
2361534,9,0,5,3.2,6.1,1.9
881535,8,0,5,2.0,5.1,2.5
741532,8,0,5,2.6,8.3,2.8
1311532,8,8,4,1.9,7.1,0.5
2241535,7,3,4,1.6,4.3,1.7
391533,7,0,5,5.0,4.9,3.4
391532,7,30,1,3.3,4.6,4.6
491532,7,12,3,3.7,3.1,1.7
151531,6,1,3,2.3,4.5,1.8
11532,6,0,5,2.7,4.0,1.5
481534,6,6,2,2.5,3.3,3.0
2501532,6,0,2,1.8,4.3,3.3
1221535,6,8,3,2.0,5.8,3.7
541534,5,7,2,2.6,6.2,3.2
1301531,5,1,1,1.4,1.4,1.8
81531,5,3,2,1.6,5.4,3.0
381533,5,11,2,2.6,5.6,5.4
891532,5,4,2,2.8,5.0,1.8
851532,4,0,1,2.5,5.5,3.8
661533,4,0,0,0.3,1.5,5.0
351534,4,3,3,3.3,6.5,1.0
511533,4,2,3,6.0,5.8,2.0
1011531,4,0,2,2.3,4.8,1.8
201534,4,4,2,2.5,5.0,2.3
461533,4,0,1,3.0,5.8,4.3
1311533,4,0,2,1.0,5.5,1.5
1031532,4,12,1,2.8,2.8,1.8
661535,4,3,2,1.8,5.0,1.8
621535,4,0,2,0.0,9.8,1.3
1151532,4,0,2,4.0,5.5,1.5
1201533,3,0,1,1.0,2.0,2.7
161531,3,0,1,3.0,3.7,2.7
1181532,3,1,3,4.0,7.3,1.0
821533,3,8,1,1.7,3.3,3.0
2311532,3,0,2,1.0,5.3,1.0
1301532,3,0,1,1.7,3.0,1.3
601532,3,2,1,2.3,4.7,3.0
611531,3,0,0,0.3,2.0,2.7
431532,3,0,0,1.0,1.0,2.7
921535,3,3,2,1.0,8.7,2.3
761534,3,4,3,2.0,7.7,2.0
801533,3,0,2,1.3,3.7,4.7
2501534,3,0,1,0.3,3.3,3.0
471533,3,0,3,0.7,12.0,1.3
1161531,2,0,1,4.5,4.5,1.5
1211533,2,0,1,1.0,1.5,2.0
201532,2,0,1,1.5,3.5,2.5
951535,2,0,1,0.5,4.5,3.0
711531,2,0,1,2.5,3.0,2.0
561531,2,1,1,5.5,5.0,3.0
301535,2,0,0,0.0,3.0,4.0
751534,2,2,1,1.5,6.5,2.0
1081532,2,0,2,1.5,3.0,0.5
951533,2,0,1,2.5,9.0,4.0
1261532,2,11,1,1.5,3.5,1.5
721535,2,0,0,0.0,2.0,3.5
131535,2,0,0,0.5,2.5,2.5
1031534,2,0,1,1.0,3.0,3.0
1281534,1,1,0,0.0,2.0,3.0
811534,1,0,0,0.0,2.0,6.0
411535,1,0,0,0.0,1.0,2.0
991532,1,0,0,0.0,5.0,3.0
1251534,1,0,0,2.0,2.0,5.0
1101533,1,1,0,0.0,0.0,2.0
231534,1,0,1,6.0,3.0,0.0
61532,1,0,0,0.0,1.0,4.0
191533,1,0,0,2.0,2.0,4.0
471532,1,0,0,1.0,1.0,1.0
921533,1,0,0,0.0,1.0,2.0
891533,1,0,1,7.0,2.0,2.0
421533,1,0,0,1.0,2.0,4.0
991531,1,0,0,0.0,3.0,3.0
2501531,1,0,0,3.0,3.0,5.0
961531,1,3,0,2.0,0.0,3.0
451531,1,0,0,5.0,2.0,3.0
1121531,1,0,0,2.0,1.0,6.0
701532,1,0,1,8.0,6.0,2.0
401535,1,1,0,0.0,2.0,1.0
2421534,1,0,0,4.0,6.0,3.0
1331534,1,0,0,0.0,0.0,1.0
801534,1,0,0,1.0,5.0,7.0
631535,1,0,0,0.0,1.0,3.0
1161533,1,0,0,2.0,0.0,1.0
311532,1,0,0,2.0,2.0,3.0
551533,1,2,0,0.0,1.0,1.0
1201531,1,0,0,1.0,1.0,5.0
811533,1,1,0,2.0,2.0,4.0
461532,1,0,0,1.0,0.0,4.0
281530,0,1,0,0.0,0.0,0.0
641530,0,1,0,0.0,0.0,0.0
211530,0,1,0,0.0,0.0,0.0
11573,72,27,30,1.4,2.1,1.4
2481571,60,53,37,1.7,2.3,0.8
741575,52,10,27,0.3,2.6,1.4
1021575,51,38,23,0.2,2.5,1.0
581574,41,16,21,0.6,1.8,0.8
341574,40,38,26,0.8,2.0,0.8
681571,40,8,17,1.0,1.5,0.6
2081573,39,56,20,0.4,1.8,0.6
2111572,39,39,23,1.0,1.6,0.5
411574,38,26,17,0.4,2.4,1.0
2501573,36,70,26,0.7,1.6,0.7
2011575,33,13,22,0.2,2.4,0.4
2001571,32,34,22,1.0,1.2,0.4
1151571,31,14,12,0.7,1.1,0.5
1011572,31,64,20,0.9,1.1,0.4
141575,27,8,11,0.1,1.7,0.5
791572,25,11,13,0.8,1.0,0.4
901574,25,16,8,0.2,1.1,0.5
1071575,24,12,13,0.1,1.4,0.4
2471571,24,75,10,0.6,1.0,0.3
841574,21,13,10,0.4,0.9,0.5
311573,20,14,9,0.2,0.8,0.3
1091574,20,19,12,0.3,1.3,0.4
801574,18,26,9,0.4,0.9,0.5
571572,18,74,6,0.5,0.4,0.3
261571,17,1,7,0.4,0.5,0.2
101572,17,15,5,0.5,0.5,0.3
1201572,16,4,9,0.4,0.7,0.2
461571,16,23,6,0.3,0.5,0.3
241574,15,31,6,0.2,0.5,0.3
851573,13,17,7,0.2,0.4,0.3
881572,12,48,7,0.4,0.8,0.3
701573,12,10,5,0.2,0.2,0.3
781574,11,42,5,0.3,0.4,0.2
591575,11,2,4,0.0,0.5,0.3
181572,10,4,3,0.3,0.4,0.2
1051575,10,5,3,0.0,0.5,0.2
2411575,8,26,3,0.1,0.5,0.1
161572,8,13,5,0.2,0.3,0.1
891572,8,2,3,0.2,0.2,0.2
1341573,7,6,3,0.1,0.2,0.2
121575,7,6,4,0.1,0.4,0.1
81571,6,1,2,0.1,0.2,0.1
1261572,6,4,3,0.1,0.3,0.2
231572,5,4,1,0.1,0.2,0.1
2081572,5,0,3,0.0,0.3,0.1
1031572,5,3,3,0.2,0.3,0.1
2421572,5,25,4,0.1,0.2,0.1
1311572,4,10,1,0.1,0.2,0.1
2221571,4,0,2,0.1,0.1,0.1
201572,4,1,1,0.0,0.1,0.1
1011571,4,0,3,0.1,0.2,0.1
761574,4,3,3,0.2,0.3,0.1
391573,4,13,2,0.1,0.1,0.1
521573,4,1,1,0.0,0.1,0.1
541574,4,4,2,0.1,0.2,0.1
991573,3,21,2,0.0,0.2,0.0
2361572,3,1,2,0.1,0.1,0.1
41575,3,0,1,0.0,0.1,0.1
2241575,3,0,2,0.1,0.1,0.0
281573,3,1,2,0.0,0.1,0.1
881573,3,0,2,0.1,0.1,0.0
811573,2,1,1,0.0,0.0,0.0
511573,2,2,0,0.0,0.0,0.1
1281573,2,0,0,0.0,0.0,0.1
2501575,2,0,2,0.0,0.1,0.0
431573,2,0,1,0.1,0.1,0.0
261572,2,0,1,0.0,0.1,0.1
611572,2,0,0,0.0,0.0,0.0
461573,2,0,2,0.0,0.1,0.0
161571,2,0,0,0.0,0.0,0.1
21572,2,1,0,0.1,0.0,0.0
611573,2,28,1,0.0,0.0,0.0
921575,2,0,1,0.0,0.1,0.1
801573,2,0,0,0.1,0.0,0.1
111575,2,0,2,0.0,0.2,0.0
1171572,2,0,2,0.1,0.1,0.0
171573,1,0,1,0.0,0.0,0.0
921573,1,0,0,0.0,0.0,0.0
821573,1,0,1,0.0,0.1,0.0
661572,1,0,0,0.0,0.0,0.0
2421573,1,0,1,0.1,0.1,0.0
1281574,1,0,0,0.0,0.0,0.0
511572,1,0,0,0.0,0.0,0.0
351574,1,0,0,0.0,0.0,0.0
391572,1,0,1,0.1,0.0,0.0
1211572,1,0,1,0.0,0.1,0.0
1301572,1,0,0,0.0,0.0,0.0
651572,1,0,1,0.0,0.0,0.0
471573,1,1,0,0.0,0.0,0.0
1301575,1,0,1,0.0,0.1,0.0
2361573,1,0,0,0.0,0.0,0.0
2471575,1,0,0,0.0,0.0,0.0
301575,1,0,0,0.0,0.0,0.0
801572,1,0,1,0.0,0.1,0.0
871573,1,10,1,0.1,0.0,0.0
2421574,1,0,1,0.0,0.0,0.0
881575,1,0,1,0.0,0.1,0.0
591571,1,0,1,0.0,0.1,0.0
61572,1,0,0,0.0,0.0,0.0
2481575,1,0,1,0.0,0.1,0.0
611571,1,0,1,0.0,0.0,0.0
561571,1,0,0,0.0,0.0,0.0
451571,1,0,0,0.0,0.0,0.0
1211573,1,3,1,0.0,0.0,0.0
361573,1,0,1,0.0,0.0,0.0
2501574,1,0,1,0.0,0.0,0.0
31573,1,30,0,0.0,0.0,0.0
481574,1,2,0,0.0,0.0,0.0
981571,1,0,0,0.0,0.1,0.0
661573,1,0,0,0.0,0.0,0.0
1181572,1,0,0,0.0,0.0,0.0
851572,1,0,0,0.0,0.0,0.0
711575,1,0,0,0.0,0.0,0.0
491572,1,7,1,0.0,0.1,0.0
401573,1,1,1,0.0,0.1,0.0
2311572,1,0,0,0.0,0.0,0.0
711572,1,1,1,0.0,0.1,0.0
1081571,1,0,1,0.0,0.0,0.0
1091575,1,0,0,0.0,0.0,0.0
961570,0,1,0,0.0,0.0,0.0
601570,0,1,0,0.0,0.0,0.0
2481581,62,47,26,1.7,2.3,1.3
341584,52,53,32,1.2,2.9,0.9
741585,48,18,21,0.3,2.8,1.6
681581,47,10,23,1.5,2.0,0.7
581584,46,11,22,1.2,2.2,1.0
11583,42,34,23,1.0,1.6,0.8
141585,37,13,16,0.1,2.3,0.7
2501583,36,39,16,0.7,1.3,0.9
101582,32,18,18,1.0,1.2,0.6
2011585,31,37,15,0.2,2.1,0.6
1071585,30,32,19,0.2,2.5,0.7
261581,30,13,15,0.9,1.0,0.4
311583,29,43,13,0.7,1.2,0.6
2471581,28,65,20,0.8,1.9,0.3
2081583,27,51,9,0.3,1.1,0.5
571582,27,52,14,1.0,1.1,0.5
1021585,26,12,11,0.1,1.2,0.7
901584,24,8,12,0.4,1.2,0.5
411584,21,26,7,0.3,1.2,0.6
851583,20,22,11,0.4,0.6,0.4
2111582,19,6,7,0.3,0.7,0.3
2001581,19,10,8,0.6,0.7,0.3
841584,16,2,8,0.4,0.7,0.4
241584,15,10,5,0.3,0.5,0.3
161582,15,18,9,0.4,0.6,0.3
1151581,14,3,5,0.5,0.5,0.3
781584,14,26,7,0.5,0.6,0.5
2081582,14,0,9,0.2,0.9,0.3
2411585,13,32,8,0.1,1.0,0.1
591585,12,8,4,0.1,0.7,0.4
181582,12,7,6,0.4,0.4,0.2
661583,11,3,6,0.1,0.7,0.3
891582,10,5,3,0.2,0.3,0.3
2421582,10,19,8,0.5,0.4,0.2
481584,10,33,7,0.4,0.5,0.1
801584,10,63,6,0.3,0.6,0.2
2221581,9,1,3,0.3,0.3,0.2
1051585,8,5,7,0.1,0.9,0.2
1091584,8,2,3,0.1,0.3,0.2
2501585,8,0,6,0.1,0.6,0.2
1201582,8,4,2,0.3,0.2,0.2
1011582,7,0,4,0.2,0.2,0.2
461581,7,41,6,0.4,0.4,0.1
201582,7,9,5,0.1,0.3,0.1
701583,7,4,3,0.1,0.2,0.2
801582,7,0,1,0.2,0.2,0.2
1011581,7,85,5,0.3,0.4,0.1
1261582,7,16,3,0.2,0.3,0.2
881582,6,15,1,0.1,0.3,0.2
31582,6,30,5,0.3,0.3,0.1
1081582,6,4,5,0.2,0.3,0.1
991583,5,24,4,0.0,0.5,0.1
1281583,5,4,4,0.0,0.3,0.1
1341583,5,4,2,0.2,0.2,0.1
2501584,5,0,3,0.1,0.5,0.1
211581,5,1,1,0.1,0.2,0.1
1211583,5,7,3,0.1,0.2,0.1
611582,4,17,3,0.2,0.2,0.1
2501582,4,0,2,0.2,0.1,0.1
331583,4,1,3,0.1,0.2,0.1
881583,4,0,1,0.0,0.1,0.1
1311585,4,2,3,0.0,0.2,0.0
231582,4,2,2,0.2,0.1,0.1
1031584,4,3,1,0.1,0.2,0.1
2361582,4,6,1,0.1,0.1,0.1
111585,4,1,2,0.1,0.4,0.1
551583,3,4,2,0.1,0.2,0.1
741582,3,0,2,0.1,0.2,0.1
491582,3,0,0,0.0,0.0,0.0
301585,3,1,1,0.0,0.1,0.1
2311583,3,0,3,0.1,0.2,0.1
641583,3,0,2,0.1,0.3,0.1
171583,3,0,2,0.1,0.1,0.1
1301581,3,1,1,0.1,0.2,0.1
791582,3,2,0,0.0,0.1,0.1
1281584,3,0,1,0.0,0.1,0.1
121585,3,3,1,0.0,0.2,0.1
1171582,3,2,1,0.1,0.1,0.1
541584,3,0,2,0.1,0.1,0.1
851582,3,0,1,0.0,0.2,0.1
391583,2,0,1,0.0,0.1,0.1
521583,2,1,1,0.0,0.0,0.0
1031581,2,0,2,0.1,0.2,0.0
1091585,2,0,1,0.0,0.1,0.1
701582,2,0,1,0.1,0.1,0.1
801583,2,0,2,0.1,0.1,0.0
601582,2,2,1,0.1,0.1,0.0
2241585,2,2,0,0.0,0.1,0.1
2361583,2,0,0,0.1,0.1,0.1
391582,2,17,0,0.0,0.0,0.1
461583,2,0,1,0.1,0.1,0.1
431583,2,2,1,0.1,0.1,0.1
561581,2,0,2,0.1,0.1,0.0
951583,2,0,1,0.0,0.2,0.1
621585,2,0,2,0.0,0.2,0.0
781583,1,0,0,0.0,0.0,0.0
1311582,1,0,1,0.0,0.1,0.0
471585,1,1,0,0.0,0.0,0.0
2081584,1,0,0,0.0,0.1,0.1
1161582,1,0,0,0.0,0.0,0.1
2361584,1,0,1,0.0,0.1,0.0
1161581,1,0,1,0.1,0.0,0.0
1301582,1,0,0,0.0,0.0,0.0
1211582,1,0,1,0.0,0.1,0.0
471583,1,0,0,0.0,0.0,0.0
931584,1,0,1,0.1,0.1,0.0
421583,1,2,1,0.1,0.1,0.0
621582,1,0,1,0.0,0.1,0.0
1291582,1,0,1,0.1,0.0,0.0
751584,1,0,1,0.1,0.1,0.0
1141583,1,0,1,0.0,0.0,0.0
811583,1,0,0,0.0,0.0,0.0
1001583,1,0,0,0.0,0.0,0.1
1281585,1,0,1,0.0,0.1,0.0
821581,1,1,0,0.0,0.0,0.1
661582,1,0,1,0.0,0.1,0.0
401585,1,0,1,0.0,0.2,0.0
411583,1,0,0,0.0,0.1,0.1
11581,1,0,1,0.1,0.1,0.0
1081581,1,0,1,0.0,0.1,0.0
251584,1,0,0,0.1,0.1,0.1
2421584,1,0,0,0.0,0.0,0.0
941583,1,0,1,0.0,0.1,0.0
201584,1,0,0,0.0,0.1,0.0
71585,1,0,0,0.0,0.1,0.1
351582,1,0,0,0.0,0.0,0.0
981583,1,0,0,0.0,0.0,0.0
401583,1,0,1,0.0,0.1,0.0
1001585,1,0,1,0.0,0.2,0.0
711582,1,3,0,0.0,0.0,0.0
761584,1,0,0,0.1,0.0,0.1
441581,1,0,0,0.1,0.1,0.0
761583,1,0,0,0.0,0.0,0.1
231584,1,0,1,0.1,0.1,0.0
921585,1,0,0,0.0,0.1,0.1
2471585,1,0,0,0.0,0.0,0.0
1061583,1,0,0,0.0,0.0,0.1
861583,1,0,1,0.0,0.1,0.0
111583,1,0,1,0.0,0.1,0.0
991582,1,0,1,0.0,0.1,0.0
1331580,0,1,0,0.0,0.0,0.0
871580,0,1,0,0.0,0.0,0.0
371580,0,1,0,0.0,0.0,0.0
1101580,0,1,0,0.0,0.0,0.0
731580,0,1,0,0.0,0.0,0.0
381580,0,1,0,0.0,0.0,0.0
1321580,0,1,0,0.0,0.0,0.0
511580,0,1,0,0.0,0.0,0.0
81701,68,14,32,2.5,5.9,2.1
261701,57,29,21,3.0,3.6,1.6
351704,54,49,30,3.0,5.5,2.2
2081703,50,37,23,1.4,6.4,2.5
791702,43,29,21,3.2,5.7,1.8
1071705,43,46,25,0.7,8.6,2.2
101702,42,43,21,3.3,4.6,2.3
2481701,42,25,27,3.7,4.3,1.8
581704,40,19,19,2.9,5.9,2.8
1221704,40,28,20,1.9,6.4,2.3
2501704,37,41,21,1.9,6.1,2.9
1111702,36,63,25,2.6,6.9,1.4
111705,34,27,14,0.7,7.4,2.2
1091704,30,32,19,1.4,8.2,1.7
2011705,29,6,20,0.5,9.8,1.7
2471701,28,9,17,3.5,7.3,1.8
1011702,27,46,13,3.3,4.1,2.2
2111702,27,13,8,1.9,3.9,2.0
151701,26,40,13,3.3,3.4,1.9
741705,26,6,8,0.5,5.3,3.7
461701,24,64,13,4.6,4.8,2.5
921703,24,33,16,2.5,7.9,2.2
311703,24,30,15,2.9,6.0,2.5
141705,24,6,8,0.4,6.9,2.5
851703,23,16,9,1.9,4.4,2.7
781704,22,72,9,3.8,3.9,2.9
701703,22,11,14,2.5,3.1,2.6
1021705,20,20,13,0.4,6.6,2.4
471705,20,42,6,0.3,7.1,2.2
2501703,20,0,8,2.2,4.8,3.5
751704,19,28,8,2.6,5.2,2.6
431703,17,32,9,3.2,3.6,3.2
301702,17,28,9,2.4,7.4,2.4
571702,16,70,10,4.8,4.9,1.3
2411705,15,31,10,1.0,8.6,0.9
711705,14,24,9,0.4,9.1,2.1
1221703,13,0,7,2.3,5.0,2.1
521703,13,5,5,2.2,3.1,3.2
11703,12,4,4,1.5,3.3,2.8
591705,10,5,4,0.5,6.4,3.4
1341703,9,11,6,4.0,5.4,2.6
121705,9,11,6,1.4,8.9,3.8
181702,9,13,6,5.8,3.2,1.9
691703,9,11,4,2.8,4.2,2.7
1311702,8,19,6,3.4,8.3,1.0
541704,7,4,4,2.0,5.3,2.4
161702,7,4,2,2.1,3.4,3.1
801705,6,4,3,0.8,4.2,3.5
631705,6,1,2,0.8,5.8,2.0
231702,6,5,2,3.2,3.8,2.5
621705,6,2,2,0.7,4.2,1.3
2221701,6,1,2,3.8,2.7,1.7
2001701,6,3,3,1.7,3.5,1.0
641703,5,10,2,1.6,5.4,3.4
1151701,5,43,3,3.0,6.0,2.4
361704,5,6,3,3.6,7.8,3.6
2501702,5,0,2,1.6,6.8,2.0
31702,4,19,3,4.8,6.5,2.3
561702,4,2,2,2.3,2.8,3.0
2471705,4,0,2,1.8,7.8,1.8
41705,4,1,2,1.3,6.5,2.5
661703,4,1,1,1.3,6.3,2.8
441701,4,1,1,2.5,3.3,1.5
2541704,4,16,1,3.8,6.3,3.3
2361702,3,3,0,3.3,1.0,3.7
411704,3,1,1,0.3,9.3,4.3
331703,3,1,2,1.3,3.7,2.3
611702,3,12,0,3.7,3.0,4.0
471702,3,0,1,0.7,6.3,3.0
951703,3,1,1,1.0,5.7,3.0
881703,3,10,0,3.7,3.3,4.0
361703,3,0,1,2.7,3.0,2.3
251704,3,4,1,3.3,7.0,5.0
471703,3,0,1,1.0,7.7,2.7
681701,3,0,2,5.0,5.0,0.7
2501705,3,0,2,2.3,7.3,2.0
1211703,3,0,1,2.0,4.7,3.7
2031704,2,0,0,1.5,2.5,4.5
921704,2,0,2,2.5,11.5,1.5
611701,2,0,2,2.5,8.0,2.0
271702,2,1,1,2.0,7.5,3.5
511703,2,3,1,1.0,4.0,1.5
2541703,2,0,1,3.5,7.5,4.5
161701,2,0,2,3.0,4.0,1.0
711702,2,0,0,1.0,3.0,3.0
871703,2,7,1,6.0,3.5,3.5
421703,2,2,2,6.0,4.0,0.5
1301702,2,0,2,0.0,5.5,1.5
491702,2,1,0,0.5,1.5,3.0
611703,2,0,2,4.5,6.5,3.5
391703,2,10,2,4.5,5.0,3.5
1141703,2,5,0,2.5,3.5,3.0
761704,2,1,0,2.0,2.5,6.5
601702,2,0,1,0.5,9.5,5.0
691701,2,0,1,3.5,3.5,1.5
341704,1,0,0,3.0,4.0,2.0
981701,1,1,0,0.0,5.0,4.0
651702,1,0,1,0.0,9.0,3.0
1201702,1,1,0,1.0,2.0,4.0
881702,1,0,1,6.0,7.0,0.0
2241705,1,0,1,7.0,6.0,4.0
1011701,1,0,0,2.0,4.0,5.0
991705,1,1,1,2.0,11.0,1.0
811703,1,1,1,2.0,4.0,0.0
1051705,1,2,0,0.0,1.0,4.0
691704,1,0,0,3.0,5.0,3.0
481702,1,0,0,7.0,4.0,2.0
1001702,1,2,1,7.0,5.0,1.0
561701,1,0,0,0.0,0.0,1.0
841704,1,2,0,3.0,3.0,4.0
431702,1,0,0,3.0,3.0,2.0
341705,1,0,1,2.0,13.0,1.0
481704,1,1,0,3.0,0.0,3.0
971704,1,0,1,0.0,12.0,1.0
1331704,1,0,0,0.0,3.0,4.0
891702,1,1,0,1.0,4.0,4.0
901704,1,0,0,0.0,4.0,4.0
531704,1,1,0,2.0,2.0,4.0
201702,1,0,1,4.0,7.0,2.0
1321705,1,1,0,0.0,2.0,5.0
21700,0,1,0,0.0,0.0,0.0
741715,52,18,28,0.9,8.2,3.6
261711,48,34,23,3.7,5.0,2.0
2501714,47,25,20,1.7,6.3,2.7
791712,46,45,27,3.7,6.2,2.1
2471711,44,24,28,3.1,7.7,1.9
101712,41,47,21,3.6,3.9,2.5
2481711,38,20,19,3.7,4.0,2.0
581714,37,23,18,2.5,5.1,3.0
1071715,34,74,20,0.8,6.9,2.5
2081713,34,29,17,1.7,5.9,2.8
311713,33,57,16,2.8,5.6,2.3
81711,30,4,15,3.6,6.1,2.4
1021715,28,10,15,0.4,6.5,2.4
1221714,26,44,13,2.1,6.3,2.3
461711,23,69,12,4.0,4.5,2.0
1011712,23,59,14,3.6,5.1,2.8
1091714,22,29,11,1.1,6.4,2.1
111715,20,13,9,0.9,8.6,3.2
181712,20,15,8,4.2,3.6,2.1
851713,20,19,13,2.4,4.6,2.2
2111712,19,17,8,3.5,5.1,1.9
591715,19,10,7,0.4,5.5,3.2
1111712,19,29,10,2.5,5.9,2.1
141715,18,8,10,0.4,9.0,3.7
1341713,17,20,9,2.6,5.1,3.4
2411715,17,30,6,0.5,9.1,1.2
951713,15,6,7,2.7,5.7,2.5
571712,14,29,8,5.2,5.3,2.5
361714,13,17,8,4.2,6.1,2.4
691713,12,20,4,1.3,2.9,3.0
351714,12,15,3,2.8,4.8,2.7
531714,12,18,9,4.2,6.7,2.1
31712,11,12,5,4.0,3.3,2.7
151711,11,38,8,4.4,6.0,2.4
781714,11,27,6,1.9,4.3,2.9
441711,11,1,4,3.5,5.1,2.0
341714,11,4,5,2.2,5.5,2.5
2541714,10,11,4,3.5,6.2,2.4
301712,10,3,4,2.0,6.0,2.8
921713,10,17,5,2.1,7.3,2.7
11713,9,11,3,2.3,3.1,2.3
901714,9,8,6,1.6,8.7,2.7
701713,8,10,5,3.3,5.0,2.5
521713,8,0,3,2.4,3.6,3.4
841714,8,3,4,2.6,3.6,1.8
2221711,8,2,3,2.9,3.8,2.1
1151711,8,36,3,3.1,3.1,2.5
171713,8,2,5,2.5,6.3,3.8
1051715,7,4,3,0.1,8.3,3.1
1211713,7,5,4,3.1,3.4,2.0
621715,7,3,5,1.0,8.9,1.3
2011715,6,1,2,0.5,7.0,3.5
1141713,6,0,2,3.5,2.0,3.0
511713,6,0,3,3.3,3.7,2.5
611712,6,15,5,3.3,5.3,1.8
2501713,6,0,3,1.8,4.3,3.5
641713,6,11,3,1.8,3.8,2.8
661713,5,2,3,1.2,5.6,2.2
471715,5,10,1,0.0,4.4,2.2
411714,5,3,2,0.4,7.6,2.6
421713,5,2,3,2.4,3.2,2.2
711715,5,4,3,0.4,6.6,1.8
561712,5,2,3,5.6,5.4,2.0
121715,5,9,1,0.6,5.0,3.6
691715,4,0,3,2.5,5.3,1.5
231712,4,3,1,2.0,2.5,2.0
491712,4,1,1,2.0,1.8,1.3
2241715,4,0,1,2.3,4.8,5.5
1011711,4,0,3,4.3,6.3,1.8
681711,3,0,0,1.7,4.3,1.3
2361712,3,0,1,4.3,4.0,4.3
2311713,3,0,3,3.3,7.3,2.3
41715,3,0,1,0.0,6.0,2.3
1221713,3,0,1,4.0,3.3,2.3
761714,3,2,2,3.7,5.3,2.3
1301712,3,1,0,1.0,3.7,2.3
251714,3,10,3,4.7,6.3,1.3
821713,3,2,1,1.7,4.3,3.0
471713,3,0,0,0.3,3.3,5.0
971714,2,2,1,0.0,4.5,2.0
801715,2,3,2,3.0,8.5,4.0
2001711,2,0,0,0.5,3.5,2.5
31713,2,0,1,1.0,3.0,3.0
391712,2,1,1,4.5,5.5,4.5
431713,2,0,1,4.0,3.5,3.5
331713,2,0,1,1.5,7.0,2.0
891712,2,1,1,5.5,4.0,1.5
431712,2,4,2,6.0,7.0,1.0
561711,2,0,0,3.5,2.0,4.0
271714,2,6,1,3.5,8.5,2.5
2501715,2,0,2,0.5,9.0,4.5
481714,2,2,1,3.0,4.5,3.5
961711,2,0,0,0.5,2.5,1.5
991711,2,1,0,1.0,3.5,0.5
381713,1,0,0,1.0,1.0,4.0
341713,1,0,0,0.0,3.0,1.0
541714,1,0,0,0.0,1.0,3.0
981711,1,6,1,2.0,9.0,0.0
1331714,1,0,1,2.0,7.0,0.0
451711,1,0,0,0.0,0.0,1.0
801714,1,0,1,7.0,9.0,2.0
631715,1,9,1,2.0,8.0,2.0
471712,1,0,0,0.0,3.0,3.0
921715,1,0,0,5.0,10.0,5.0
361713,1,0,1,3.0,6.0,0.0
861713,1,1,1,3.0,6.0,3.0
1261712,1,3,0,0.0,0.0,2.0
161712,1,2,0,3.0,2.0,4.0
751714,1,0,0,2.0,5.0,7.0
1201712,1,0,0,1.0,1.0,1.0
2361713,1,0,1,3.0,9.0,0.0
211711,1,0,0,3.0,5.0,2.0
741712,1,0,0,1.0,6.0,6.0
2081712,1,0,0,1.0,4.0,2.0
921714,1,0,1,5.0,17.0,2.0
221713,1,0,1,5.0,5.0,3.0
1121711,1,3,1,9.0,4.0,1.0
1311713,1,1,0,0.0,7.0,4.0
1081710,0,2,0,0.0,0.0,0.0
81721,206,36,107,3.1,6.5,2.3
741725,164,68,85,0.7,7.4,3.3
2481721,160,117,92,4.3,4.9,2.2
851723,140,136,73,2.5,5.0,2.8
261721,138,65,69,4.0,4.7,2.0
351724,137,136,69,3.4,5.7,2.2
581724,135,92,72,3.1,6.9,2.7
1091724,125,57,57,1.4,7.3,2.4
2081723,122,141,59,1.6,6.5,2.5
1071725,120,118,57,0.5,8.2,2.9
1011722,102,188,55,3.7,4.9,2.3
591725,100,45,56,0.6,7.6,3.3
2111722,98,137,54,3.6,5.8,1.7
691723,89,99,46,3.2,4.4,2.9
111725,87,104,53,0.9,10.5,2.1
1111722,82,152,47,2.5,7.2,2.1
301722,78,109,39,3.2,7.0,2.6
1221724,71,86,34,2.0,7.4,2.5
791722,58,46,28,3.6,6.2,2.2
461721,58,145,24,4.0,4.9,2.7
701723,56,29,26,2.8,3.2,3.5
101722,55,52,27,3.1,5.3,3.1
751724,53,189,27,4.0,5.4,2.5
1221723,53,0,22,2.5,5.5,2.8
571722,51,137,19,3.7,4.6,2.2
781724,50,42,24,2.4,5.3,2.8
1021725,44,38,20,0.5,7.0,3.0
2501725,42,123,12,1.2,6.4,4.2
431723,41,30,18,3.0,4.5,3.2
2501724,39,0,23,1.8,8.1,3.1
441721,37,7,15,3.7,5.8,1.9
141725,36,21,17,0.3,9.1,2.6
2361722,35,22,15,4.2,5.1,2.6
1341723,34,35,17,3.6,4.8,3.1
2221721,34,6,12,3.0,4.3,3.0
471722,32,120,11,1.7,6.5,1.9
2471721,31,26,16,2.3,7.2,1.8
311723,29,22,17,3.0,6.7,2.1
471725,28,0,10,0.5,7.7,2.4
2411725,28,34,11,0.4,9.3,1.8
411724,27,42,15,1.6,9.4,2.3
841724,26,24,11,3.6,4.6,3.1
521723,26,19,13,2.4,5.3,4.2
541724,25,18,15,3.8,5.3,2.4
631725,21,7,14,0.9,9.8,2.4
151721,21,46,14,4.2,5.4,2.1
511723,20,32,13,3.2,5.4,2.5
1151721,19,205,10,3.7,5.7,2.6
231722,18,13,8,4.2,4.8,2.7
2501722,18,0,11,2.2,7.7,2.5
11723,17,5,6,1.8,3.9,3.4
1051725,15,7,9,0.5,8.9,2.7
331723,15,1,9,2.8,5.0,2.4
491722,14,30,8,5.1,4.6,2.1
2541724,14,17,5,4.1,6.7,3.8
421723,14,11,8,4.2,4.9,3.1
681721,14,1,4,2.9,4.1,2.9
2361723,13,0,8,3.3,7.5,3.2
881722,12,21,6,4.1,6.1,2.7
181722,12,2,5,3.0,3.8,2.8
31722,11,6,5,4.8,5.0,2.2
2501723,10,0,1,1.6,3.2,4.4
231724,10,0,6,4.1,5.4,2.1
161722,9,19,3,4.8,5.3,3.0
821723,9,12,6,3.0,5.9,2.0
801725,8,16,2,1.0,5.6,4.8
431722,7,0,4,3.6,5.3,2.9
661723,7,3,4,1.1,6.1,2.4
621725,7,1,3,0.3,9.9,2.3
361723,6,3,3,2.7,5.2,4.2
121725,6,7,2,0.8,4.3,2.3
711725,6,5,4,1.2,9.0,3.3
281723,5,1,3,4.0,4.0,2.4
91722,5,3,1,2.6,5.2,4.8
611723,5,8,3,4.0,5.0,3.0
471723,5,0,2,1.0,5.8,2.2
611722,4,0,3,4.8,5.8,1.5
601722,4,8,4,3.3,10.5,3.3
641723,4,0,2,2.5,5.5,3.5
611721,4,0,0,3.0,5.0,4.3
2421722,3,1,2,5.7,5.7,2.0
891722,3,0,1,3.3,4.7,2.0
661725,3,0,1,0.7,7.0,3.7
2031724,3,0,1,2.7,3.3,3.7
271722,3,5,2,3.0,4.0,3.7
921725,3,1,3,1.0,11.3,2.0
971724,2,0,0,0.0,9.0,2.0
201722,2,4,1,7.0,7.0,3.5
341724,2,0,1,1.0,8.0,2.5
951723,2,0,1,0.5,7.5,3.0
241724,2,1,0,2.5,1.5,2.5
2311722,2,0,2,2.5,10.0,1.0
1291722,2,0,0,2.0,0.5,3.5
301725,2,0,0,0.0,4.5,5.5
1311722,2,4,1,3.0,12.5,4.5
431721,2,0,0,3.0,2.5,5.0
41725,2,0,1,1.0,7.0,1.0
561721,2,0,0,1.0,0.5,1.0
881723,2,0,1,3.0,9.0,5.5
401725,2,1,2,0.5,14.5,0.5
2361724,2,0,1,2.0,6.0,2.5
2001721,1,0,1,10.0,10.0,4.0
901724,1,0,0,0.0,13.0,4.0
1141723,1,0,1,3.0,5.0,2.0
521722,1,0,1,3.0,9.0,0.0
851722,1,0,1,3.0,9.0,0.0
251724,1,0,1,8.0,7.0,1.0
2421724,1,0,0,7.0,4.0,6.0
961721,1,1,0,3.0,4.0,2.0
921723,1,0,0,2.0,11.0,3.0
2471725,1,0,0,2.0,2.0,5.0
801722,1,0,1,2.0,9.0,3.0
1311723,1,0,1,4.0,12.0,2.0
1161721,1,1,0,4.0,7.0,4.0
811724,1,0,0,2.0,3.0,6.0
341725,1,0,1,0.0,3.0,1.0
1211723,1,0,1,2.0,1.0,3.0
901725,1,0,0,0.0,3.0,3.0
1341724,1,0,1,6.0,6.0,5.0
2011725,1,0,1,1.0,13.0,3.0
11722,1,0,0,1.0,2.0,6.0
1301722,1,3,0,0.0,3.0,2.0
461723,1,0,1,6.0,4.0,2.0
621722,1,0,0,2.0,6.0,0.0
761724,1,0,1,4.0,8.0,3.0
2241725,1,0,0,6.0,1.0,1.0
851721,1,0,1,10.0,6.0,0.0
481724,1,3,1,3.0,3.0,2.0
741722,1,0,0,1.0,6.0,3.0
2081722,1,0,0,2.0,6.0,6.0
691725,1,0,1,1.0,7.0,5.0
811723,1,0,0,1.0,4.0,4.0
391720,0,3,0,0.0,0.0,0.0
261731,91,68,46,3.7,4.1,1.7
81731,84,32,45,3.1,6.1,2.4
2481731,81,40,37,3.2,3.6,2.2
1091734,75,40,32,1.4,6.4,2.3
741735,68,35,38,0.4,7.3,3.0
2111732,66,66,39,3.1,5.6,1.7
101732,66,77,36,3.2,4.3,2.5
581734,63,23,32,2.8,5.8,2.6
781734,59,37,31,2.1,5.4,2.5
1221734,58,89,34,2.3,6.4,2.3
751734,52,44,30,2.8,6.0,2.2
851733,51,43,28,2.8,4.0,2.5
1111732,50,142,34,2.3,7.5,1.4
521733,50,43,27,3.2,4.8,3.2
461731,49,110,25,4.1,4.4,2.0
111735,46,62,25,0.5,8.6,2.2
431733,44,63,26,3.5,5.5,2.6
691733,38,63,22,3.3,4.3,2.8
1341733,37,36,27,4.1,4.5,2.2
2471731,36,51,22,2.2,8.1,1.6
141735,36,17,18,0.3,8.7,2.7
2361732,35,27,18,3.9,5.0,2.5
151731,33,30,16,4.2,4.3,2.1
591735,33,17,15,0.4,6.2,3.5
2081733,33,21,15,1.4,5.5,2.7
1021735,32,28,16,0.2,6.2,2.6
1071735,31,12,15,0.4,7.2,2.8
351734,30,4,9,2.3,4.4,2.9
301732,28,36,9,2.0,5.1,3.3
791732,27,14,10,2.6,4.4,2.1
701733,26,28,11,3.0,3.2,3.5
1011732,25,37,11,2.5,4.6,2.2
801735,25,46,14,2.6,5.4,3.5
2501734,24,143,18,2.5,8.2,2.6
11733,23,13,8,1.9,3.6,2.7
571732,23,43,10,3.3,4.9,1.9
471732,23,140,8,1.2,5.9,1.7
2411735,20,40,8,1.0,7.1,1.3
471735,20,0,9,1.0,7.5,2.2
2501735,19,0,10,1.5,4.9,2.7
181732,17,11,9,3.9,3.9,1.2
2541734,16,12,12,2.1,9.0,2.8
1151731,15,85,8,3.6,4.7,2.1
841734,15,16,8,2.7,4.7,3.1
31732,14,20,9,4.9,5.4,2.4
611733,14,43,5,3.0,4.1,3.6
471733,14,0,9,1.4,8.4,2.5
331733,14,9,4,2.3,5.5,3.9
621735,13,4,6,0.5,6.4,1.8
411734,13,6,3,1.4,6.3,4.5
441731,13,1,5,3.7,5.4,1.3
631735,13,3,6,0.9,7.1,2.0
1221733,13,0,4,3.3,4.1,3.4
2501732,12,0,7,1.8,6.1,1.9
231732,12,6,6,3.3,3.2,1.5
31733,12,0,8,3.3,5.2,2.3
2011735,11,1,4,0.5,5.5,2.3
1051735,11,19,6,0.3,8.0,1.9
2361733,11,0,5,2.7,4.4,3.1
121735,10,1,5,0.9,7.2,3.3
681731,9,0,5,3.7,4.9,1.9
2001731,8,0,3,2.6,3.4,2.8
611732,8,0,4,3.1,3.6,2.3
2501733,8,0,4,2.6,5.1,2.5
341735,8,2,4,1.1,8.4,2.4
391733,7,11,3,3.4,3.0,4.1
41735,7,4,6,0.6,12.1,2.0
901734,7,5,3,0.7,6.1,2.1
611731,7,0,4,3.3,4.6,1.7
691735,7,0,5,4.4,6.3,2.1
2221731,7,2,1,5.6,2.7,1.9
2471735,6,0,1,0.8,6.2,3.3
511733,6,4,2,2.2,2.7,2.0
491732,6,3,4,7.0,4.3,1.7
311733,6,5,1,2.8,4.2,3.8
381733,6,15,1,1.2,1.0,3.8
921735,6,0,2,0.8,10.0,3.5
361734,6,2,1,3.8,4.0,3.3
481734,5,7,3,5.0,6.4,2.6
711735,5,13,2,0.8,6.6,2.6
1211733,4,2,3,3.0,4.8,1.0
661733,4,3,2,0.0,8.0,3.3
391732,4,0,1,3.8,2.8,2.3
541734,4,0,2,1.3,5.3,3.0
821733,4,7,1,1.8,1.8,2.8
601732,4,1,2,2.5,6.0,2.3
231734,3,0,1,5.0,3.3,2.7
341734,3,0,1,2.0,6.3,3.0
2421732,3,7,0,5.0,3.0,4.7
811734,3,7,2,1.3,7.0,1.0
1011731,3,0,1,1.3,3.7,3.3
301735,3,0,2,0.3,8.3,2.3
371731,3,7,0,2.3,3.0,3.0
1141733,3,2,3,3.3,6.0,1.7
531734,3,0,1,1.3,5.3,2.0
641733,3,1,2,2.7,5.0,3.0
431732,3,0,2,3.7,4.3,1.3
2311733,2,0,1,1.0,6.0,3.5
341732,2,0,1,2.5,5.5,5.0
1201732,2,0,0,1.5,2.0,5.0
891733,2,0,0,1.5,2.0,3.0
401735,2,1,0,1.5,8.5,5.0
2311732,2,0,0,1.0,5.5,2.5
1311735,2,1,1,0.0,8.0,0.5
661735,2,0,2,2.0,12.0,0.5
1301731,2,0,2,5.0,7.0,0.5
811733,2,0,0,1.0,4.5,3.5
2241735,2,2,1,3.0,4.0,2.5
1321735,2,0,0,0.5,2.5,2.0
281733,2,0,0,1.0,2.0,5.5
251734,2,0,1,3.5,9.5,3.0
621732,2,0,0,0.0,5.5,2.5
801732,2,0,0,2.5,9.0,3.5
241734,2,5,0,1.5,5.5,4.0
921733,2,0,1,1.0,9.0,3.5
711732,1,0,1,5.0,10.0,1.0
701732,1,0,0,3.0,2.0,5.0
981731,1,2,0,0.0,1.0,3.0
551733,1,0,0,4.0,5.0,5.0
431735,1,0,0,2.0,3.0,3.0
881735,1,0,0,2.0,8.0,10.0
1311732,1,0,1,4.0,11.0,1.0
1121731,1,0,1,10.0,11.0,4.0
811735,1,0,1,0.0,1.0,4.0
1261731,1,1,1,4.0,9.0,3.0
161732,1,0,0,1.0,1.0,2.0
881732,1,0,0,3.0,4.0,5.0
761734,1,0,0,0.0,3.0,5.0
211731,1,0,1,2.0,13.0,1.0
661731,1,0,0,0.0,1.0,4.0
521735,1,0,1,5.0,10.0,3.0
901735,1,0,1,1.0,11.0,0.0
691734,1,0,0,0.0,2.0,3.0
631732,1,0,0,0.0,3.0,3.0
951735,1,0,0,5.0,2.0,7.0
11735,1,0,0,1.0,5.0,2.0
1031734,1,0,0,0.0,0.0,3.0
561731,1,0,0,2.0,0.0,2.0
851732,1,0,1,6.0,10.0,4.0
1291732,1,0,0,4.0,1.0,5.0
1341732,1,0,0,0.0,0.0,8.0
931734,1,0,0,0.0,4.0,2.0
1031732,1,0,1,8.0,7.0,0.0
801733,1,0,0,0.0,1.0,4.0
191733,1,0,0,6.0,4.0,9.0
341733,1,0,1,2.0,8.0,3.0
271732,1,1,0,0.0,4.0,3.0
1301732,1,0,1,5.0,2.0,0.0
511735,1,0,1,1.0,11.0,2.0
971734,1,1,0,2.0,9.0,6.0
271734,1,1,1,2.0,9.0,1.0
361733,1,0,0,1.0,1.0,3.0
691731,1,0,0,2.0,2.0,5.0
961731,1,1,1,2.0,11.0,0.0
651732,1,0,0,2.0,1.0,3.0
421734,1,3,0,1.0,4.0,2.0
91732,1,1,0,1.0,0.0,3.0
991735,1,1,0,1.0,0.0,2.0
421735,1,0,0,1.0,0.0,1.0
421733,1,3,0,3.0,1.0,3.0
171733,1,0,0,1.0,0.0,6.0
461733,1,0,1,1.0,6.0,1.0
881733,1,1,0,2.0,3.0,3.0
451731,1,0,1,0.0,6.0,1.0
771730,0,1,0,0.0,0.0,0.0
351774,9,1,5,3.2,6.6,2.2
2111772,8,1,4,3.6,6.1,2.3
591775,8,1,5,0.6,9.0,2.9
741775,7,0,2,0.9,5.1,5.9
2081773,7,1,4,2.0,6.6,2.9
441771,6,1,3,3.5,5.7,1.7
261771,6,1,4,4.8,3.7,2.2
81771,6,5,4,5.2,7.2,1.8
1221773,5,1,2,3.0,4.8,2.8
581774,5,3,2,3.4,8.4,3.2
1071775,5,5,3,0.4,10.4,2.0
541774,5,2,2,4.2,7.8,2.2
2471771,5,1,1,3.4,5.6,3.6
851773,4,4,2,2.5,6.8,3.5
791772,4,3,1,4.0,8.8,4.3
2311772,3,0,1,3.0,6.3,2.7
301772,3,4,2,5.3,10.0,2.0
1211773,2,0,1,3.0,3.0,2.5
1341773,2,5,1,2.5,6.0,4.0
1011772,2,2,1,4.0,4.0,2.0
141775,2,2,1,0.0,8.0,3.0
1021775,1,1,0,1.0,6.0,5.0
781774,1,0,1,1.0,7.0,0.0
701773,1,0,0,1.0,1.0,6.0
971774,1,0,0,1.0,6.0,3.0
2501774,1,8,1,4.0,10.0,3.0
411774,1,2,0,2.0,2.0,2.0
491772,1,0,1,3.0,4.0,1.0
111775,1,2,1,1.0,12.0,3.0
331773,1,1,1,3.0,10.0,7.0
521773,1,0,0,1.0,3.0,10.0
2541774,1,7,1,8.0,8.0,3.0
621772,1,0,0,1.0,2.0,0.0
151771,1,11,0,0.0,0.0,3.0
611772,1,10,1,2.0,9.0,2.0
231772,1,0,1,8.0,6.0,3.0
431773,1,5,1,3.0,6.0,4.0
1111770,0,12,0,0.0,0.0,0.0
751770,0,7,0,0.0,0.0,0.0
461770,0,4,0,0.0,0.0,0.0
571770,0,3,0,0.0,0.0,0.0
311770,0,1,0,0.0,0.0,0.0
281770,0,1,0,0.0,0.0,0.0
821770,0,1,0,0.0,0.0,0.0
101770,0,1,0,0.0,0.0,0.0
851793,6,3,3,2.0,5.3,2.8
261791,6,2,3,3.0,4.0,2.7
2541794,4,5,3,5.0,8.5,1.3
751794,4,3,2,1.8,5.8,2.3
791792,4,2,1,1.0,5.5,2.3
691793,3,0,1,2.0,4.7,2.3
1221794,3,2,2,3.3,7.3,1.7
2501795,3,2,3,2.0,7.0,2.7
741795,3,5,1,1.0,6.3,1.7
361794,3,0,0,1.0,1.3,4.0
81791,3,3,0,1.3,3.0,3.3
1221793,2,0,2,4.5,5.0,1.5
2111792,2,2,1,4.0,10.0,1.5
101792,2,8,1,3.0,6.0,2.5
231792,2,1,1,4.5,4.0,3.0
801795,2,2,0,3.5,6.5,5.5
1051795,2,0,2,2.5,13.5,1.5
2481791,2,1,1,3.0,4.5,3.5
441791,2,0,2,6.0,8.5,1.0
2081792,2,0,0,1.5,3.0,2.5
111795,2,0,2,1.5,15.5,2.0
701793,2,0,1,3.0,2.0,1.5
151791,2,8,1,5.0,5.0,1.5
41795,2,1,0,1.0,4.0,2.0
1011792,2,0,2,3.5,8.5,1.5
611793,2,6,2,5.5,8.0,1.0
2361792,2,1,1,2.5,8.0,1.5
2501794,1,0,1,1.0,10.0,3.0
641793,1,0,0,1.0,4.0,4.0
341792,1,0,1,1.0,9.0,1.0
351794,1,1,1,1.0,11.0,3.0
621795,1,0,0,0.0,4.0,4.0
211791,1,1,0,3.0,3.0,4.0
541794,1,0,0,1.0,7.0,5.0
461791,1,8,1,8.0,9.0,2.0
1261791,1,0,0,0.0,2.0,2.0
31793,1,4,0,2.0,0.0,4.0
2471791,1,0,1,6.0,10.0,2.0
411794,1,0,1,0.0,18.0,2.0
611792,1,0,0,1.0,1.0,4.0
921793,1,1,0,1.0,1.0,5.0
2471795,1,3,0,0.0,2.0,3.0
301792,1,0,1,6.0,8.0,1.0
2221791,1,2,1,7.0,7.0,1.0
1341793,1,0,1,2.0,5.0,1.0
431793,1,2,0,1.0,4.0,6.0
241794,1,0,0,3.0,4.0,3.0
2411795,1,0,0,0.0,3.0,6.0
2501792,1,0,1,3.0,10.0,4.0
631795,1,0,1,0.0,17.0,1.0
481794,1,0,0,2.0,4.0,4.0
141795,1,1,1,0.0,11.0,3.0
121795,1,0,0,0.0,4.0,4.0
1111790,0,10,0,0.0,0.0,0.0
471790,0,3,0,0.0,0.0,0.0
681790,0,2,0,0.0,0.0,0.0
591790,0,1,0,0.0,0.0,0.0
2001790,0,1,0,0.0,0.0,0.0
1071790,0,1,0,0.0,0.0,0.0
821790,0,1,0,0.0,0.0,0.0
391790,0,1,0,0.0,0.0,0.0
2221891,61,29,34,5.6,4.1,2.0
2591895,51,53,29,0.8,9.1,2.6
41895,46,27,22,0.6,8.8,3.0
791892,44,29,23,2.9,7.1,2.0
361894,44,41,26,2.9,7.8,2.4
101892,42,35,22,3.2,4.6,2.5
2541894,40,28,19,2.2,5.9,2.1
331893,39,45,23,3.1,6.6,2.8
1131894,33,76,15,2.0,6.5,2.5
851893,32,66,21,2.3,5.7,2.5
1081891,31,34,18,3.8,4.7,2.2
1011892,30,24,12,2.4,4.4,2.4
2001891,26,10,11,3.6,4.0,2.5
781894,25,68,17,3.2,5.8,2.4
341893,25,20,11,1.7,6.2,2.9
311893,23,30,8,2.0,4.9,3.2
1341893,22,30,10,2.9,4.3,3.8
1071895,22,39,9,0.5,7.8,3.2
2471891,20,46,8,2.5,6.6,2.4
741895,20,9,12,0.6,9.6,2.5
1021895,19,7,8,0.8,6.2,2.4
751894,18,12,10,2.8,5.8,1.8
591895,17,7,9,0.8,7.8,3.1
951893,17,5,5,1.4,4.2,3.0
351894,15,10,3,2.0,3.3,2.9
11893,15,5,6,2.9,6.1,2.7
1201892,13,5,6,3.3,4.2,2.9
1031894,12,7,5,3.5,6.3,3.3
971894,12,3,4,1.2,6.0,2.3
461891,12,18,7,4.5,3.4,1.9
611892,12,20,5,3.5,3.8,3.1
2481891,11,5,6,2.6,5.7,3.1
1111892,11,37,5,2.5,7.0,2.5
2011895,10,6,5,0.5,7.2,2.5
2561892,10,7,6,3.4,5.4,2.1
261891,10,9,6,3.5,4.9,1.8
2571891,10,4,3,3.8,4.3,3.6
2111892,10,5,6,3.6,7.2,2.2
451891,9,6,2,2.9,2.8,2.7
2361892,8,5,4,4.3,5.0,2.5
921893,8,9,6,3.3,9.6,2.3
431893,7,11,3,2.1,4.9,3.1
301895,7,10,5,0.4,8.9,2.4
1081892,7,6,5,5.7,5.1,3.1
681891,6,2,4,4.0,6.7,2.0
2581891,6,65,4,2.2,9.8,1.0
891892,6,10,4,5.2,7.5,3.8
2581892,6,69,3,1.8,9.8,1.7
81891,5,0,2,1.4,6.8,2.8
121895,5,1,2,0.4,5.8,2.6
2581895,5,0,1,0.6,8.2,1.8
21892,5,1,2,3.2,7.0,3.2
441891,4,1,2,4.8,5.0,1.5
2031894,4,1,1,2.5,2.5,3.3
171893,4,0,3,3.8,5.0,1.8
341894,4,0,3,2.0,7.0,2.5
221894,4,0,2,0.8,3.5,3.3
761893,3,5,3,3.3,8.3,2.0
411894,3,2,2,1.3,13.3,3.3
341895,3,0,0,0.7,2.0,2.3
1161891,3,2,1,3.3,4.7,2.7
391893,3,20,2,4.3,6.0,4.3
961891,3,0,2,6.0,6.3,2.7
151891,3,0,1,3.7,5.7,2.0
301892,3,0,0,2.0,6.0,4.0
2501895,3,5,0,1.0,8.0,5.3
571892,3,1,2,4.7,3.0,2.3
551893,3,2,2,2.0,6.7,2.7
181892,3,0,0,1.3,1.3,4.0
2311892,3,0,1,3.3,8.3,3.3
801895,3,23,3,0.7,6.7,1.7
1221893,2,0,0,1.0,3.5,2.5
211891,2,1,0,1.5,3.0,2.5
801893,2,0,0,1.5,3.0,5.5
231892,2,4,2,3.5,4.0,1.0
801894,2,13,2,3.0,6.5,2.0
621895,2,2,1,0.5,10.5,1.0
2081893,2,0,0,0.5,4.0,2.5
421893,2,1,2,4.5,6.0,1.5
401895,2,0,1,0.5,8.5,2.0
521893,2,0,0,1.5,2.0,2.5
471895,2,0,2,0.5,8.0,0.5
111895,2,1,1,0.0,5.5,1.5
141895,2,0,1,0.0,8.0,3.5
841894,2,2,2,7.0,10.5,4.0
881893,2,0,1,2.0,5.5,3.0
761894,2,3,0,3.5,5.5,3.0
621893,2,2,1,1.0,8.0,1.5
471893,2,3,1,1.5,6.5,0.5
1221894,1,0,0,3.0,7.0,3.0
701893,1,0,1,6.0,7.0,4.0
851892,1,0,0,5.0,8.0,6.0
661895,1,0,0,0.0,2.0,3.0
391892,1,15,1,5.0,3.0,3.0
641893,1,2,1,3.0,10.0,0.0
1261892,1,0,1,3.0,12.0,2.0
711894,1,2,0,3.0,6.0,4.0
1171892,1,0,1,3.0,5.0,0.0
711895,1,2,0,1.0,8.0,5.0
821893,1,0,0,4.0,5.0,1.0
1141893,1,0,0,2.0,1.0,4.0
2501893,1,0,1,3.0,6.0,3.0
541894,1,2,1,6.0,6.0,1.0
1301892,1,0,0,1.0,2.0,1.0
1331893,1,0,0,0.0,10.0,1.0
611891,1,2,0,0.0,2.0,4.0
861894,1,0,0,0.0,2.0,4.0
2501892,1,2,1,1.0,9.0,1.0
2361893,1,2,1,2.0,12.0,2.0
1151891,1,1,1,3.0,9.0,3.0
2311895,1,0,1,0.0,5.0,5.0
971890,0,1,0,0.0,0.0,0.0
711890,0,1,0,0.0,0.0,0.0
851890,0,5,0,0.0,0.0,0.0
1071890,0,3,0,0.0,0.0,0.0
431890,0,5,0,0.0,0.0,0.0
921890,0,1,0,0.0,0.0,0.0
2571890,0,1,0,0.0,0.0,0.0
751890,0,5,0,0.0,0.0,0.0
641890,0,1,0,0.0,0.0,0.0
471890,0,2,0,0.0,0.0,0.0
651890,0,1,0,0.0,0.0,0.0
161890,0,1,0,0.0,0.0,0.0
2501890,0,1,0,0.0,0.0,0.0
891890,0,1,0,0.0,0.0,0.0
541890,0,1,0,0.0,0.0,0.0
411890,0,1,0,0.0,0.0,0.0
441890,0,1,0,0.0,0.0,0.0
2221901,71,28,36,5.2,4.6,2.4
2591905,54,40,33,0.7,9.4,3.9
41905,52,33,23,0.7,8.8,3.9
2541904,45,40,23,2.7,6.2,2.7
791902,45,33,29,3.3,8.2,1.8
1131904,41,52,16,2.1,6.3,2.6
361904,39,27,18,2.1,7.4,2.7
331903,37,31,15,2.1,5.6,2.7
2001901,37,18,18,4.1,4.9,2.4
101902,34,21,15,2.7,4.6,2.5
851903,32,35,14,2.1,5.4,2.7
341903,27,23,14,2.2,5.8,2.3
591905,26,7,11,1.0,8.5,4.3
951903,26,10,10,1.4,5.7,3.3
1111902,25,83,17,2.4,8.7,2.0
1011902,25,22,7,2.6,3.7,3.1
351904,24,18,13,4.5,4.5,2.3
441901,23,2,14,3.9,5.3,1.3
611902,23,34,14,4.2,4.7,2.2
1071905,21,88,10,0.9,7.9,3.3
781904,20,36,11,4.6,6.1,2.9
1201902,19,10,7,2.6,5.0,3.3
11903,18,20,11,3.7,5.4,1.9
2011905,18,9,11,0.8,11.3,3.7
2471901,17,47,8,3.9,8.2,2.2
751904,17,6,10,3.2,4.8,1.8
891902,15,10,9,4.1,5.3,2.5
341905,14,0,8,1.6,7.5,3.4
2481901,13,3,4,3.1,4.2,2.3
461901,13,34,7,4.0,5.2,2.9
1221904,13,8,9,3.2,8.4,2.4
741905,12,6,7,0.8,7.9,3.9
311903,11,18,9,2.9,6.1,1.8
471903,10,6,5,1.0,7.3,2.2
2111902,10,17,3,3.2,4.3,2.6
2571901,10,7,4,5.1,4.9,2.9
1081901,9,44,5,4.9,4.9,2.2
1341903,9,28,3,2.0,4.0,3.4
1021905,9,10,3,0.9,8.2,3.2
261901,8,6,4,2.9,4.5,2.0
431903,8,17,4,2.4,5.3,2.5
691903,8,4,5,4.5,3.0,2.5
1031904,8,30,7,4.3,8.5,2.3
971904,8,14,5,2.4,7.6,2.1
801904,8,25,4,3.8,8.3,3.3
81901,8,6,5,4.5,5.5,1.5
2361902,8,8,5,4.4,5.4,2.3
1161901,7,6,5,5.4,5.6,2.6
451901,7,19,4,6.0,4.3,2.3
411904,7,1,4,1.4,8.7,3.1
141905,7,2,2,0.6,11.9,4.1
2581902,7,41,4,2.0,11.4,2.0
1141903,6,3,5,7.2,5.5,2.2
1081902,6,5,1,4.0,2.8,3.7
301905,6,3,2,1.2,7.0,3.7
151901,6,18,1,4.0,3.3,2.7
181902,6,4,3,3.2,3.2,2.0
921903,5,2,2,1.8,8.4,1.6
571902,5,1,1,3.4,4.6,2.4
2081903,5,0,3,0.6,4.4,1.8
1221903,5,3,3,3.2,5.8,3.4
521903,4,2,3,1.5,4.8,1.8
681901,4,6,0,3.3,2.3,2.0
2581905,4,6,2,0.5,6.8,3.0
1151901,4,0,3,4.8,6.8,2.5
171903,3,2,2,1.7,5.3,3.7
411905,3,0,2,0.7,12.7,6.0
761903,3,6,2,2.0,11.0,2.3
171905,3,2,2,3.3,6.3,3.3
391903,3,1,1,1.7,4.7,2.0
711905,3,2,0,0.3,6.0,3.7
221904,3,0,0,2.3,1.3,2.0
231902,3,2,3,4.3,9.3,2.3
641903,3,5,0,2.0,6.3,3.0
21902,3,0,1,2.3,5.3,2.7
2561902,3,1,2,4.0,7.7,2.0
2501905,3,3,2,0.0,5.0,4.3
961901,3,1,2,5.3,6.7,1.0
2581901,3,0,3,1.7,11.7,1.3
121905,3,4,2,1.0,8.3,3.7
191903,3,1,2,4.7,6.0,2.0
821903,2,0,2,5.0,6.5,3.0
421903,2,2,0,2.0,1.0,4.0
31902,2,5,1,2.5,4.5,3.5
2501903,2,0,1,1.5,4.5,3.0
801903,2,0,1,5.5,7.0,3.5
621905,2,0,0,0.5,3.0,3.0
1331903,2,0,1,1.0,5.0,2.0
471901,2,0,0,1.5,8.0,1.5
621903,2,0,1,1.5,5.5,2.5
341904,2,0,0,2.5,3.5,6.0
541904,1,0,0,3.0,0.0,4.0
2421904,1,0,0,6.0,5.0,6.0
2481902,1,0,0,2.0,11.0,6.0
1071901,1,0,0,0.0,13.0,8.0
761905,1,0,0,6.0,1.0,4.0
221903,1,0,1,3.0,4.0,2.0
481904,1,0,1,3.0,5.0,1.0
761902,1,0,1,2.0,5.0,0.0
631905,1,2,1,1.0,10.0,4.0
1331904,1,0,1,0.0,9.0,0.0
2031904,1,1,1,12.0,5.0,3.0
111905,1,0,0,0.0,3.0,3.0
951905,1,0,1,1.0,12.0,4.0
471905,1,1,1,2.0,8.0,1.0
2561903,1,0,0,2.0,1.0,6.0
551903,1,0,0,0.0,3.0,1.0
251904,1,0,0,3.0,8.0,6.0
391902,1,0,0,7.0,6.0,6.0
881902,1,1,0,3.0,2.0,2.0
281903,1,0,1,4.0,8.0,3.0
581904,1,0,0,2.0,4.0,6.0
431902,1,1,0,0.0,3.0,1.0
2361903,1,0,0,3.0,5.0,7.0
1091904,1,0,0,0.0,9.0,5.0
31903,1,0,1,3.0,4.0,3.0
841904,1,0,0,0.0,3.0,4.0
1171905,1,0,0,1.0,2.0,4.0
231904,1,0,0,2.0,3.0,2.0
301902,1,0,0,1.0,7.0,6.0
761904,1,0,0,0.0,5.0,3.0
161902,1,0,0,2.0,7.0,4.0
871903,1,0,1,11.0,9.0,0.0
1211903,1,0,0,0.0,2.0,6.0
881900,0,1,0,0.0,0.0,0.0
271900,0,2,0,0.0,0.0,0.0
811900,0,1,0,0.0,0.0,0.0
891900,0,1,0,0.0,0.0,0.0
2411900,0,2,0,0.0,0.0,0.0
801900,0,5,0,0.0,0.0,0.0
1341900,0,8,0,0.0,0.0,0.0
31900,0,4,0,0.0,0.0,0.0
2571900,0,1,0,0.0,0.0,0.0
81900,0,1,0,0.0,0.0,0.0
261900,0,1,0,0.0,0.0,0.0
2011900,0,1,0,0.0,0.0,0.0
2471900,0,2,0,0.0,0.0,0.0
1221900,0,1,0,0.0,0.0,0.0
331900,0,2,0,0.0,0.0,0.0
211900,0,1,0,0.0,0.0,0.0
721900,0,1,0,0.0,0.0,0.0
2221911,192,134,111,5.3,4.3,2.2
41915,168,109,85,0.8,8.6,3.1
1131914,149,87,69,2.3,6.3,2.3
331913,143,150,76,2.1,5.2,2.6
791912,135,114,72,2.9,7.1,2.0
2591915,132,88,75,0.7,8.5,3.4
781914,119,114,58,3.1,5.1,2.5
1081911,107,75,53,4.0,4.3,2.3
2541914,100,97,51,3.0,6.5,2.6
851913,100,187,48,2.1,5.3,2.5
361914,94,75,51,3.0,8.0,2.8
101912,92,82,48,2.5,5.2,2.3
2001911,89,35,52,4.3,5.3,2.1
591915,88,49,43,0.7,7.5,3.4
431913,79,90,47,2.9,5.6,3.0
1071915,78,162,40,0.5,8.7,3.1
2111912,67,191,31,3.2,5.2,1.9
351914,66,26,20,3.5,4.5,2.4
1201912,63,20,31,2.8,5.6,2.7
1011912,63,68,20,2.4,4.2,2.6
2481911,61,50,29,3.6,4.8,2.7
2571911,60,80,23,4.2,3.8,2.6
11913,57,43,23,2.4,4.2,2.5
341913,55,115,32,1.6,6.3,2.5
341915,54,115,27,0.8,6.8,2.9
1341913,46,124,24,3.2,5.2,2.7
751914,45,118,26,3.4,5.8,2.3
1111912,45,155,23,2.2,7.4,2.3
951913,45,26,18,1.6,6.2,2.8
451911,43,16,24,4.3,6.0,2.1
741915,39,17,10,0.7,6.6,3.9
2081913,38,47,13,0.9,5.7,2.7
801914,32,94,23,4.0,5.4,2.2
441911,32,7,13,3.3,4.1,1.8
2011915,31,27,17,0.7,9.8,2.9
301912,30,43,12,2.5,8.0,2.9
891912,30,25,16,3.9,6.5,2.3
301915,29,22,13,0.9,7.9,3.6
2501915,29,38,16,1.3,8.0,3.7
311913,29,24,17,3.2,5.9,2.4
1021915,22,19,11,0.6,8.0,2.1
1031914,22,37,16,3.5,7.1,3.0
2361912,21,28,15,4.6,6.5,1.6
2581912,19,54,6,1.2,5.6,2.2
1161911,19,10,7,3.3,3.6,3.3
851912,18,0,14,3.1,7.7,2.8
2471911,18,10,5,2.5,7.1,3.4
1151911,18,10,13,4.1,6.1,2.1
461911,18,22,6,3.2,3.6,2.7
681911,17,7,8,3.1,4.8,1.7
611912,15,69,12,4.3,5.6,2.1
611913,14,17,12,4.6,6.9,3.1
1221914,13,6,4,1.4,6.5,3.5
261911,13,4,5,3.4,5.3,2.7
391913,13,20,8,3.5,5.2,3.2
691913,11,7,4,2.2,5.9,3.8
571912,11,4,3,2.6,3.2,2.4
611911,10,26,2,3.0,3.4,2.3
181912,10,4,5,3.9,5.2,1.9
881912,9,5,3,2.7,5.7,2.4
31912,9,57,4,3.7,4.7,2.0
2561912,9,17,4,3.2,3.7,2.6
2031914,9,3,5,3.0,4.0,2.4
661915,9,3,5,0.9,7.0,3.2
521913,9,6,1,1.7,4.9,4.8
2501912,8,0,3,1.9,7.0,2.9
481914,8,5,5,4.4,8.9,5.1
761914,8,44,3,3.0,5.9,3.5
2581915,7,24,5,0.9,6.7,1.3
2501913,7,0,4,3.1,5.9,2.7
761912,7,42,5,2.7,10.0,2.4
901914,7,3,5,1.7,8.9,2.1
231910,0,2,0,0.0,0.0,0.0
571910,0,1,0,0.0,0.0,0.0
741910,0,2,0,0.0,0.0,0.0
241910,0,2,0,0.0,0.0,0.0
1221913,5,5,0,1.2,2.8,2.6
541914,5,6,1,2.4,4.0,3.0
971914,4,2,3,2.0,7.3,2.0
141915,4,1,1,0.3,7.0,2.0
471912,4,2,2,1.0,5.8,2.8
161912,4,7,2,3.5,5.3,2.5
421913,4,2,1,1.5,2.3,3.3
211911,4,1,2,5.8,3.8,2.0
1311912,4,8,2,0.5,6.8,1.5
551912,4,4,4,2.0,8.8,1.5
111915,4,1,3,0.5,6.8,2.5
391912,4,8,1,2.8,4.0,4.5
431912,4,0,2,3.5,6.8,3.5
621912,3,0,0,1.3,2.7,4.3
1091914,3,0,1,0.3,5.0,3.7
471913,3,0,0,0.0,2.0,1.7
961911,3,0,0,2.3,5.0,2.7
921915,3,0,1,0.7,5.0,3.3
31913,2,0,2,6.5,4.0,2.0
1081913,2,0,2,7.0,4.5,1.5
81911,2,0,0,1.5,4.0,4.5
151911,2,0,1,1.0,5.0,3.0
1251914,2,1,1,4.5,5.0,3.5
411915,2,1,0,1.0,6.5,5.5
281913,2,1,0,2.5,1.0,2.5
711915,2,1,0,0.5,8.0,3.0
231912,2,2,0,4.0,2.0,1.5
901913,2,0,1,0.0,6.5,0.5
2311912,2,0,2,5.5,11.0,3.5
791913,2,0,1,3.0,8.5,2.0
421912,1,0,0,4.0,3.0,2.0
401915,1,0,0,0.0,4.0,4.0
1161913,1,0,0,1.0,2.0,5.0
341912,1,0,1,6.0,5.0,1.0
951912,1,0,0,0.0,4.0,2.0
411914,1,1,0,1.0,4.0,3.0
11914,1,0,0,2.0,1.0,4.0
1011913,1,0,0,1.0,3.0,4.0
621913,1,0,1,1.0,10.0,5.0
461913,1,0,0,2.0,1.0,5.0
161913,1,0,1,6.0,9.0,1.0
2421912,1,1,1,3.0,7.0,3.0
1051915,1,0,0,0.0,6.0,5.0
921913,1,0,1,3.0,13.0,1.0
801912,1,0,0,3.0,9.0,3.0
841914,1,0,0,4.0,2.0,6.0
241914,1,6,1,3.0,8.0,2.0
1311910,0,4,0,0.0,0.0,0.0
1131910,0,2,0,0.0,0.0,0.0
481910,0,1,0,0.0,0.0,0.0
411910,0,1,0,0.0,0.0,0.0
1061910,0,1,0,0.0,0.0,0.0
221910,0,1,0,0.0,0.0,0.0
781910,0,2,0,0.0,0.0,0.0
851910,0,2,0,0.0,0.0,0.0
31910,0,20,0,0.0,0.0,0.0
2081910,0,8,0,0.0,0.0,0.0
351910,0,2,0,0.0,0.0,0.0
431910,0,2,0,0.0,0.0,0.0
521910,0,1,0,0.0,0.0,0.0
2111910,0,2,0,0.0,0.0,0.0
1111910,0,1,0,0.0,0.0,0.0
1031910,0,1,0,0.0,0.0,0.0
321910,0,1,0,0.0,0.0,0.0
1071910,0,1,0,0.0,0.0,0.0
611910,0,3,0,0.0,0.0,0.0
2561910,0,10,0,0.0,0.0,0.0
861910,0,1,0,0.0,0.0,0.0
1171910,0,1,0,0.0,0.0,0.0
2501910,0,1,0,0.0,0.0,0.0
641910,0,5,0,0.0,0.0,0.0
461910,0,2,0,0.0,0.0,0.0
641913,7,10,1,1.9,4.0,3.3
341914,6,0,5,3.3,8.3,2.0
581914,6,2,4,4.0,7.8,1.8
221914,6,2,2,1.3,4.3,3.2
491912,6,2,6,5.7,8.2,0.3
171913,6,2,3,2.0,5.3,4.5
2361913,6,1,3,3.5,6.3,3.0
471915,5,2,2,0.0,7.6,3.8
881913,5,0,3,2.6,8.8,3.2
761913,5,0,3,1.8,7.4,2.2
821913,5,11,4,8.0,4.8,2.8
1081912,5,0,4,3.8,5.6,2.0
2221921,157,37,74,4.1,3.6,2.1
41925,96,61,45,0.6,7.3,2.9
2591925,89,93,40,0.6,7.1,3.3
1011922,87,50,46,2.4,4.6,2.2
331923,87,124,40,2.3,4.7,2.9
791922,84,55,41,2.2,6.0,2.0
1131924,76,88,43,1.9,7.1,1.9
751924,74,42,37,3.0,4.9,1.9
781924,71,63,31,3.1,4.7,2.6
2541924,66,59,29,2.6,5.8,2.2
101922,62,75,31,2.5,5.3,2.2
2571921,62,46,26,4.3,3.3,2.3
1201922,60,21,29,3.0,5.2,2.1
351924,57,40,30,3.4,4.9,2.1
2111922,57,37,28,2.8,5.8,1.6
341923,56,65,27,1.9,6.2,2.2
851923,53,134,30,2.1,5.1,2.3
951923,53,23,30,1.3,6.8,2.3
1071925,47,99,26,0.5,7.9,2.5
361924,45,47,22,3.1,7.4,2.4
2481921,45,54,22,3.5,3.6,2.3
591925,43,11,24,0.7,7.3,3.0
2001921,42,12,25,3.6,4.5,2.2
1081921,39,35,17,3.7,3.6,2.0
1341923,37,50,19,3.1,4.9,3.0
2011925,34,25,14,0.6,7.4,2.9
11923,30,34,13,2.0,4.2,2.4
341925,27,0,14,1.1,6.8,3.7
741925,25,12,14,0.6,8.6,3.6
431923,25,32,12,2.4,4.7,3.1
2081923,23,29,14,0.8,7.1,1.7
261921,23,15,14,4.2,3.3,1.9
301925,23,34,13,0.7,7.6,3.2
451921,22,11,14,4.7,4.9,1.7
2471921,21,36,16,3.8,8.0,1.4
461921,20,69,13,3.9,6.2,2.0
2581922,20,123,13,2.4,10.2,1.8
1031924,19,85,17,3.6,6.8,2.4
2501925,18,24,6,1.2,4.5,3.6
801924,18,51,8,2.9,5.4,3.5
311923,16,16,6,2.9,5.4,2.4
1111922,15,43,4,2.4,5.7,2.1
1021925,15,8,10,0.9,7.5,1.7
611922,14,51,11,4.7,4.7,1.7
441921,13,0,3,3.2,3.2,2.4
541924,11,9,7,2.7,5.7,3.4
1221923,11,6,5,1.7,4.6,3.0
2581925,10,73,5,0.6,9.8,2.6
391923,10,30,8,3.8,5.9,3.0
2561922,10,35,6,2.7,5.3,1.5
1161921,8,0,4,3.9,3.1,2.4
2501922,8,0,3,2.1,7.8,3.1
851922,7,0,5,4.6,6.7,2.6
1151921,6,4,4,2.8,8.0,2.2
301922,6,1,2,1.5,5.8,1.8
171923,6,3,3,2.2,4.3,2.0
521923,6,11,3,1.2,5.0,2.7
2031924,6,4,3,3.3,4.8,4.8
31923,6,34,4,3.3,4.8,2.7
2361923,6,19,3,1.7,4.3,3.0
411925,5,4,3,1.0,10.2,4.6
141925,5,2,3,0.6,6.6,2.2
821923,5,9,3,3.6,3.6,3.8
951922,5,0,2,1.4,5.0,2.6
221924,5,2,1,3.4,4.6,2.6
661925,5,8,5,1.4,10.0,2.2
2501923,5,0,1,1.2,3.8,5.0
2361922,5,1,2,4.6,3.6,3.0
891922,5,0,1,1.8,3.6,3.0
701923,4,0,2,3.3,3.5,3.5
581924,4,0,1,2.3,4.5,2.0
971924,4,5,1,0.5,5.5,4.3
881923,4,3,2,1.3,7.5,4.0
621925,3,5,2,0.0,10.0,3.3
2241925,3,0,1,1.7,4.0,3.0
621923,3,2,1,1.0,3.3,2.3
691923,3,0,1,2.0,8.0,5.0
1311922,3,1,2,1.7,9.7,1.0
2311925,3,0,2,2.3,6.3,2.7
681921,3,1,1,2.3,2.7,2.7
1221924,3,0,1,2.3,4.7,2.3
921925,3,1,1,2.0,7.7,3.0
641923,2,1,1,1.0,5.0,3.5
481924,2,1,1,3.0,4.0,4.0
801922,2,0,0,0.5,3.0,5.0
161923,2,0,0,2.0,2.5,6.0
1211923,2,0,1,3.0,3.5,2.0
2411925,2,0,0,0.0,4.0,4.5
371925,2,0,2,4.0,6.0,3.5
181922,2,0,1,4.5,6.5,3.0
761922,2,6,0,3.5,4.5,4.5
471925,2,0,1,0.5,7.5,1.5
2471925,2,0,0,2.0,7.0,4.0
411924,2,0,1,1.5,5.0,1.5
391922,2,1,1,2.5,7.5,3.5
801923,2,0,2,4.0,7.0,4.0
2581924,1,0,0,0.0,0.0,4.0
161922,1,0,0,0.0,4.0,4.0
351922,1,0,0,0.0,1.0,4.0
421923,1,1,0,0.0,0.0,1.0
2541922,1,0,1,3.0,6.0,3.0
401925,1,0,1,1.0,7.0,1.0
511923,1,0,0,3.0,2.0,4.0
961921,1,0,0,2.0,3.0,3.0
731923,1,0,0,3.0,2.0,6.0
1021921,1,0,0,2.0,6.0,4.0
801925,1,0,0,3.0,7.0,5.0
611921,1,0,0,1.0,4.0,3.0
1141923,1,0,1,3.0,7.0,3.0
1091924,1,0,0,4.0,4.0,7.0
881922,1,1,1,3.0,7.0,2.0
1081922,1,3,0,5.0,1.0,6.0
1171922,1,0,0,3.0,1.0,4.0
841924,1,0,0,1.0,0.0,2.0
2311923,1,0,0,0.0,0.0,3.0
921923,1,0,0,1.0,1.0,5.0
171925,1,0,1,5.0,4.0,2.0
551923,1,0,0,0.0,4.0,3.0
571922,1,0,0,3.0,4.0,1.0
81921,1,0,0,1.0,7.0,4.0
121925,1,0,0,2.0,9.0,9.0
341922,1,0,1,4.0,9.0,1.0
561921,1,0,0,2.0,2.0,3.0
11922,1,0,1,3.0,6.0,0.0
471923,1,0,0,1.0,3.0,3.0
291923,1,0,1,4.0,6.0,3.0
31922,1,0,1,10.0,6.0,0.0
231920,0,3,0,0.0,0.0,0.0
2571920,0,2,0,0.0,0.0,0.0
341920,0,3,0,0.0,0.0,0.0
31920,0,23,0,0.0,0.0,0.0
801920,0,1,0,0.0,0.0,0.0
781920,0,1,0,0.0,0.0,0.0
851920,0,1,0,0.0,0.0,0.0
611920,0,11,0,0.0,0.0,0.0
301920,0,1,0,0.0,0.0,0.0
521920,0,3,0,0.0,0.0,0.0
1111920,0,5,0,0.0,0.0,0.0
431920,0,1,0,0.0,0.0,0.0
101920,0,2,0,0.0,0.0,0.0
491920,0,1,0,0.0,0.0,0.0
1221920,0,1,0,0.0,0.0,0.0
711920,0,1,0,0.0,0.0,0.0
901920,0,1,0,0.0,0.0,0.0
881920,0,1,0,0.0,0.0,0.0
11920,0,3,0,0.0,0.0,0.0
461920,0,1,0,0.0,0.0,0.0
421920,0,1,0,0.0,0.0,0.0
592005,162,66,68,0.5,7.5,3.4
262001,141,69,70,3.4,4.9,1.6
1152001,138,137,72,3.5,5.6,2.5
1252004,126,171,74,3.0,7.4,2.8
742005,118,73,59,0.7,7.7,3.5
2642003,118,0,67,3.4,4.7,3.1
2482001,117,42,55,3.5,4.5,2.6
202004,98,85,52,3.4,6.9,3.1
582004,98,79,49,3.3,7.0,2.8
2362002,97,32,54,4.1,5.2,2.4
1072005,93,167,49,0.6,9.2,2.9
572002,92,150,44,3.7,5.1,2.0
882004,77,60,32,2.9,7.0,2.9
852003,74,0,36,2.5,5.3,2.6
142005,74,26,35,0.5,9.3,2.6
2222001,73,16,30,3.9,4.2,2.4
782004,69,42,37,3.1,5.2,2.7
2602004,68,0,38,3.8,6.0,2.7
2502003,67,0,38,2.5,5.1,3.2
432003,65,0,37,3.1,4.8,2.8
462001,64,71,36,3.3,5.8,2.3
2012005,63,54,36,0.8,8.9,2.6
892002,62,52,21,3.0,5.4,2.8
1222004,61,18,35,2.8,7.1,2.5
1342003,57,81,26,3.5,5.0,3.1
2602003,52,136,23,3.7,4.0,2.9
792002,48,21,21,2.9,6.5,2.3
1302001,47,110,25,2.7,6.4,2.1
42005,45,9,28,0.7,9.4,2.9
32002,41,8,28,5.0,4.7,1.4
582003,40,0,20,3.7,6.4,3.1
1132004,39,27,14,1.8,5.4,2.2
2592005,38,17,19,0.6,8.9,3.5
582002,38,149,29,4.9,7.6,1.7
2602002,37,156,25,4.9,5.3,1.7
1022005,36,15,19,0.6,7.7,2.4
332003,35,15,11,2.1,3.9,3.2
612002,35,0,13,3.7,4.5,2.7
1112002,34,46,21,1.9,7.8,2.3
762003,33,0,13,2.2,6.5,3.6
82001,31,13,17,2.4,7.1,2.0
2502002,30,0,9,2.7,5.0,3.6
452001,30,4,15,3.3,5.3,1.8
222003,27,12,15,1.7,6.0,2.1
442001,26,1,11,4.4,6.0,1.9
522003,26,13,16,3.0,6.6,3.1
2112002,25,25,10,2.5,4.4,2.0
302002,24,0,11,2.3,8.0,3.2
32003,24,166,15,4.1,4.8,2.3
1012002,24,1,13,2.6,6.1,2.7
1092005,23,12,14,0.8,9.5,2.0
1222003,23,60,7,2.2,5.1,2.6
752004,23,26,11,3.7,5.3,2.3
472005,21,0,10,0.8,7.8,2.9
422003,19,15,11,3.7,3.8,3.1
622002,19,48,9,1.6,8.9,1.4
2502005,19,81,11,1.1,8.6,4.1
1092004,18,3,6,1.6,5.1,3.1
602002,18,7,9,2.2,7.2,2.5
692003,17,17,7,3.9,4.1,2.5
2472001,17,15,12,1.6,8.7,1.6
852002,15,214,6,1.9,5.2,4.1
472002,15,107,7,1.3,8.5,1.9
622005,14,54,6,0.4,7.9,2.6
562001,14,18,5,3.0,4.1,3.1
2642004,14,85,4,3.1,4.6,4.1
612003,13,86,7,3.9,6.4,3.7
102002,13,2,4,1.5,3.6,2.6
762002,13,97,5,3.5,6.2,3.2
392002,11,22,6,4.8,4.6,2.4
1282004,10,7,6,1.6,7.2,1.5
1022003,10,24,2,1.7,4.9,3.8
212001,10,1,6,4.4,7.4,2.5
432002,10,83,4,3.4,5.4,2.6
1202002,10,2,6,2.5,5.2,2.0
762004,10,166,3,1.8,5.0,3.5
12003,9,0,0,1.4,3.2,4.4
352004,8,0,3,3.3,5.0,2.4
1162001,8,1,7,6.8,5.8,0.9
112005,8,2,6,0.1,9.5,1.5
342005,8,0,4,0.6,7.6,3.1
1082001,8,0,2,2.4,2.6,3.3
312003,8,2,4,5.8,5.8,2.9
1262002,8,1,4,2.9,6.9,2.9
552002,8,1,2,2.9,5.1,3.3
392003,7,41,5,3.9,4.7,2.9
2082003,7,4,4,0.9,8.1,2.6
302005,7,16,2,0.3,5.9,3.0
1092003,6,26,4,2.0,8.2,2.2
902004,5,0,1,1.0,8.6,3.0
282003,5,1,2,3.0,4.6,2.4
1012001,5,5,1,1.8,4.2,4.0
962001,5,2,1,3.8,3.6,2.2
842004,4,3,0,4.8,2.3,4.3
532004,4,0,2,2.8,4.3,2.3
342003,4,0,2,1.3,6.8,4.0
1052005,4,2,2,0.5,10.3,1.8
2572001,4,6,3,4.0,6.5,2.8
2542004,4,3,2,3.5,7.3,2.3
652002,4,1,3,4.0,11.5,2.3
1212002,3,0,2,1.3,5.7,3.0
132001,3,1,2,2.7,5.3,2.7
542004,3,3,0,1.7,4.7,3.0
362004,3,2,2,2.3,5.7,1.7
1242002,2,0,1,6.0,5.0,3.0
2422002,2,6,1,2.0,7.5,2.5
42001,2,26,2,0.0,16.0,2.0
412005,2,0,2,0.5,15.0,3.0
2562002,2,0,1,1.0,4.0,2.5
2412005,2,0,1,0.0,14.0,2.0
1122001,2,0,0,1.5,1.0,4.0
632005,2,0,0,0.0,5.5,2.0
122005,2,1,0,1.0,4.5,4.0
492002,2,0,2,5.5,7.5,1.5
2472005,2,28,1,1.0,7.5,4.0
342004,2,2,2,2.0,10.0,2.5
1302004,1,90,0,2.0,3.0,4.0
592002,1,60,0,2.0,3.0,5.0
852001,1,197,0,2.0,4.0,2.0
752005,1,26,0,0.0,4.0,5.0
892004,1,48,1,5.0,17.0,5.0
1072002,1,162,1,5.0,15.0,1.0
522005,1,11,1,2.0,20.0,5.0
212005,1,21,1,6.0,9.0,3.0
2222005,1,20,1,2.0,3.0,2.0
542001,1,4,1,7.0,11.0,2.0
2362003,1,89,1,4.0,3.0,2.0
872003,1,0,1,4.0,5.0,3.0
1282005,1,7,0,0.0,4.0,5.0
912004,1,5,1,4.0,12.0,1.0
162002,1,0,0,1.0,3.0,3.0
312002,1,5,0,3.0,1.0,1.0
1002001,1,2,1,6.0,15.0,1.0
2002001,1,0,0,3.0,5.0,5.0
2312005,1,0,0,0.0,7.0,6.0
522002,1,13,1,3.0,7.0,1.0
2542002,1,3,0,1.0,4.0,6.0
412004,1,0,0,0.0,8.0,4.0
642002,1,2,1,2.0,7.0,2.0
2642002,1,94,1,5.0,2.0,2.0
1312005,1,0,0,0.0,4.0,3.0
232004,1,0,0,4.0,1.0,2.0
242004,1,0,0,2.0,3.0,5.0
1002000,0,1,0,0.0,0.0,0.0
2572000,0,4,0,0.0,0.0,0.0
422000,0,4,0,0.0,0.0,0.0
392000,0,2,0,0.0,0.0,0.0
592015,118,68,63,0.6,7.0,3.1
1152011,94,14,44,2.7,4.6,2.1
202014,86,6,49,3.2,6.1,2.5
882014,79,7,37,2.6,6.1,2.3
582014,75,10,40,2.4,5.7,2.2
332013,73,81,39,2.2,4.8,2.4
892012,70,0,42,3.2,5.7,2.1
262011,70,11,37,3.7,3.9,1.4
462011,65,13,31,3.1,5.1,2.2
1072015,62,75,31,0.6,7.5,2.5
2482011,61,42,31,3.2,4.1,1.8
142015,53,34,28,0.5,8.3,2.5
2602013,52,0,26,3.3,4.8,2.3
2642013,51,25,23,3.0,3.8,2.9
432013,47,7,31,3.6,5.1,2.6
2502012,46,6,26,2.2,5.5,2.5
1252014,45,4,22,2.4,6.0,3.0
1022015,43,39,23,0.4,6.6,2.0
572012,41,59,24,3.5,4.8,1.7
852013,39,72,17,2.3,4.4,3.1
452011,38,6,24,3.5,4.9,1.4
582013,37,0,20,3.5,4.6,2.3
612012,35,18,16,3.5,4.2,2.1
852012,35,145,14,2.2,4.1,2.6
792012,35,21,17,2.4,5.5,1.8
2602014,32,33,13,3.3,4.7,2.3
2502013,31,6,11,1.9,4.1,3.0
2012015,30,24,17,0.5,9.0,2.6
82011,30,17,17,2.5,6.9,1.9
2222011,30,4,14,3.8,4.3,2.2
102012,30,38,15,2.5,4.6,2.1
32012,28,15,18,5.0,3.6,1.9
42015,27,17,10,0.5,7.9,3.3
752014,27,10,12,3.5,4.5,1.9
742015,27,27,10,0.4,5.6,3.7
1222014,26,0,14,2.1,5.5,2.0
342015,24,3,12,0.8,6.6,2.6
522013,24,17,13,2.7,5.9,3.2
762013,24,12,16,2.2,6.5,2.5
1302011,23,74,14,2.5,5.2,1.9
1132014,22,16,12,1.6,5.9,1.5
1092014,21,0,15,1.9,8.0,2.0
2362012,21,13,10,4.3,3.9,2.2
2642014,21,50,5,2.6,4.0,2.8
472015,19,16,5,0.5,5.9,3.1
442011,17,4,7,2.2,3.6,1.5
2472011,17,9,7,1.9,7.2,2.4
1342013,16,8,8,3.9,4.2,2.6
762012,16,4,7,2.6,5.6,2.5
312013,15,6,7,2.1,4.7,2.2
2592015,15,7,7,0.3,6.7,3.3
582012,15,17,6,3.3,4.8,2.6
1112012,14,26,6,1.6,4.5,1.9
1012012,13,4,7,2.2,4.9,2.0
2112012,12,3,4,1.8,5.3,1.8
302015,12,0,4,0.8,8.7,3.5
2082013,12,5,7,1.7,8.8,2.6
692013,11,15,5,3.4,4.6,3.2
392013,11,18,5,4.4,3.4,3.8
782014,10,8,8,3.3,7.4,2.8
2502015,10,10,4,1.3,6.4,4.0
472012,10,48,5,1.1,6.4,1.8
1092015,10,5,7,0.2,9.4,2.0
2542014,9,2,5,2.8,6.8,1.4
562011,9,6,4,2.4,4.1,2.4
622012,8,17,3,0.8,7.8,1.6
2412015,8,8,4,0.8,8.8,1.0
622015,8,13,5,0.8,9.0,1.8
222013,8,1,1,0.8,1.4,2.1
32013,7,27,2,2.6,2.0,3.0
392012,7,57,3,4.4,3.0,3.0
1202012,6,1,2,1.2,3.2,2.5
612013,6,89,2,1.7,5.8,2.7
2602012,6,75,0,1.0,3.3,3.7
882011,5,15,4,5.8,5.2,1.4
262012,5,69,3,3.8,2.6,0.6
602012,5,10,3,3.4,7.4,1.8
1262012,5,6,3,2.8,6.4,2.8
302012,4,2,1,0.5,4.3,1.5
1082011,4,3,0,1.8,2.8,2.3
902014,4,0,2,2.5,8.8,3.0
882013,4,15,1,3.0,6.0,2.8
432012,4,94,1,1.0,3.5,1.5
2002011,3,0,0,2.0,5.3,2.3
892014,3,52,1,1.3,4.3,2.0
1162011,3,0,1,2.7,2.0,2.7
362014,3,0,0,0.7,3.7,3.3
2362013,3,27,1,1.3,3.3,3.7
662015,3,0,2,0.3,4.7,1.3
2562012,3,0,1,2.3,4.3,1.7
952013,3,1,2,0.7,5.7,2.3
2572011,3,1,1,3.0,2.7,2.3
342014,3,15,0,2.0,6.0,4.3
622013,3,6,1,0.0,5.3,2.3
1052015,3,1,2,0.3,9.7,2.0
1282014,3,5,2,3.0,10.0,1.7
12013,3,2,3,3.7,8.0,2.3
412014,2,0,0,1.5,4.5,3.0
992015,2,1,2,0.0,7.5,0.0
1152012,2,88,1,2.0,7.0,3.5
492012,2,0,1,3.0,7.5,3.0
542014,2,3,0,1.5,2.5,4.5
762014,2,82,0,2.0,7.5,2.5
802015,2,0,1,0.5,2.5,4.0
1032014,2,0,0,3.0,2.5,4.5
202011,2,66,1,4.0,3.5,2.0
1012011,2,17,1,0.5,6.0,2.5
32014,2,91,1,2.0,5.0,1.5
1222011,2,5,1,1.0,5.0,2.5
2502014,2,40,2,2.0,9.0,2.0
352014,2,0,0,2.0,1.5,3.0
2472015,2,18,1,2.5,7.5,2.5
582015,1,80,0,5.0,2.0,3.0
462012,1,106,1,6.0,8.0,3.0
212011,1,1,1,10.0,7.0,4.0
632015,1,0,0,1.0,4.0,5.0
662013,1,0,0,0.0,4.0,3.0
2422014,1,0,1,6.0,5.0,1.0
372015,1,0,0,0.0,1.0,6.0
342013,1,15,0,3.0,5.0,3.0
2582015,1,2,1,0.0,4.0,3.0
1222012,1,17,0,1.0,3.0,1.0
1092012,1,18,1,4.0,11.0,1.0
2082012,1,8,0,1.0,1.0,4.0
892013,1,64,1,1.0,7.0,1.0
622014,1,26,1,1.0,12.0,4.0
1252011,1,96,1,5.0,7.0,0.0
812015,1,0,1,0.0,7.0,3.0
612011,1,161,1,5.0,8.0,2.0
902015,1,0,1,2.0,11.0,3.0
712011,1,0,0,3.0,4.0,3.0
462013,1,0,0,2.0,2.0,5.0
232014,1,0,1,3.0,9.0,1.0
2222012,1,12,1,5.0,8.0,2.0
882012,1,47,0,4.0,6.0,5.0
2312015,1,4,1,1.0,5.0,1.0
1222013,1,8,0,0.0,0.0,3.0
682011,1,0,1,8.0,1.0,3.0
152011,1,1,0,3.0,5.0,2.0
712015,1,0,1,0.0,10.0,0.0
962011,1,0,0,1.0,2.0,4.0
582011,1,57,0,4.0,2.0,6.0
2582012,1,2,1,1.0,5.0,0.0
1082013,1,4,1,5.0,5.0,0.0
162012,1,0,0,1.0,3.0,3.0
2582010,0,1,0,0.0,0.0,0.0
762010,0,2,0,0.0,0.0,0.0
1152010,0,2,0,0.0,0.0,0.0
1132010,0,2,0,0.0,0.0,0.0
852010,0,1,0,0.0,0.0,0.0
882010,0,1,0,0.0,0.0,0.0
2502010,0,3,0,0.0,0.0,0.0
262010,0,2,0,0.0,0.0,0.0
892010,0,4,0,0.0,0.0,0.0
742010,0,2,0,0.0,0.0,0.0
32010,0,1,0,0.0,0.0,0.0
202010,0,1,0,0.0,0.0,0.0
112010,0,6,0,0.0,0.0,0.0
1312010,0,1,0,0.0,0.0,0.0
42010,0,1,0,0.0,0.0,0.0
102010,0,1,0,0.0,0.0,0.0
522010,0,1,0,0.0,0.0,0.0
1302010,0,1,0,0.0,0.0,0.0
12010,0,1,0,0.0,0.0,0.0
2482010,0,1,0,0.0,0.0,0.0
1112010,0,1,0,0.0,0.0,0.0
1262010,0,4,0,0.0,0.0,0.0
1072010,0,3,0,0.0,0.0,0.0
2412010,0,1,0,0.0,0.0,0.0
2222010,0,1,0,0.0,0.0,0.0
752010,0,2,0,0.0,0.0,0.0
2312010,0,1,0,0.0,0.0,0.0
592025,71,49,36,0.7,7.9,3.2
1152021,66,56,33,3.2,5.3,2.0
202024,60,39,40,3.1,7.1,2.6
742025,55,47,31,0.7,8.5,2.8
1252024,53,104,29,2.6,5.8,2.7
262021,50,4,24,3.5,5.0,2.0
852023,47,30,28,2.3,5.7,2.7
582024,45,18,25,2.8,6.6,2.4
332023,42,29,23,1.9,5.0,2.5
462021,42,25,25,4.4,5.6,2.1
1072025,42,108,18,0.6,7.3,2.5
2482021,41,13,15,2.7,3.0,2.2
612022,38,13,23,3.8,5.6,2.5
2602024,38,40,18,3.6,4.9,2.0
1082021,37,5,24,3.9,5.5,2.0
2642023,37,30,21,3.3,3.9,2.6
2012025,36,5,18,0.7,9.1,2.4
142025,36,37,19,0.4,8.4,2.6
882024,34,10,14,3.5,6.7,2.6
892022,33,27,19,3.5,5.5,2.8
572022,32,67,19,4.2,4.7,1.9
2602023,32,7,17,3.3,4.7,2.5
582022,27,0,14,3.5,4.9,2.9
792022,26,11,15,2.3,5.9,1.8
2222021,25,10,11,4.0,5.2,2.0
312023,25,31,10,1.9,5.9,2.3
1222024,24,2,12,2.7,6.9,2.5
2502023,23,5,10,2.5,5.8,3.5
432023,23,6,14,3.1,5.3,2.5
582023,22,11,5,1.7,4.2,2.9
2362022,22,12,10,3.0,4.8,2.6
2592025,21,5,12,0.5,9.2,3.2
1012022,21,5,11,3.0,4.7,2.2
42025,20,7,9,0.5,7.8,3.1
32022,18,6,8,3.8,3.1,2.7
1302021,18,0,8,2.0,4.3,2.2
102022,18,4,6,2.3,3.8,2.2
1022025,17,8,7,0.6,5.7,2.6
782024,15,24,8,4.3,4.1,1.5
2602022,14,68,4,2.4,4.8,2.8
762023,14,13,7,2.9,4.7,4.1
1342023,14,6,13,3.8,5.9,1.9
342024,13,1,6,2.0,6.5,2.5
1112022,13,13,6,2.1,7.5,2.8
2082023,12,3,5,1.3,6.2,2.7
1092024,12,0,3,1.6,5.1,2.4
1082022,11,28,4,3.6,3.8,2.3
2002021,11,3,5,2.9,4.5,2.9
442021,11,1,6,3.2,5.8,1.7
302025,10,2,7,0.7,9.4,1.7
2502025,10,0,6,1.5,9.3,3.3
32023,10,47,5,5.2,5.4,3.1
1022023,10,12,5,1.0,6.5,2.0
1132024,9,20,5,1.8,5.3,2.1
2472021,9,25,7,2.0,7.3,1.2
392022,8,18,4,5.4,3.4,3.1
452021,8,1,2,3.3,1.6,2.8
692023,8,2,2,2.6,3.0,4.5
82021,8,5,1,1.5,4.8,3.9
1202022,7,7,6,3.1,6.3,1.6
762024,7,50,3,2.4,7.1,3.4
902024,7,4,4,2.3,8.3,2.6
762022,7,23,4,2.1,7.4,2.1
472022,7,0,4,1.1,9.0,2.0
562021,7,0,4,3.1,3.3,2.1
222023,6,4,2,1.8,3.2,2.7
2112022,6,2,2,3.3,6.2,4.2
472025,6,15,1,0.5,8.0,2.2
622025,6,9,3,0.2,7.8,1.8
2032024,5,2,2,3.4,5.4,2.6
112025,5,4,3,0.6,10.0,1.6
302022,5,6,2,3.4,6.4,2.8
2642024,5,74,1,3.2,4.6,3.4
212021,5,8,3,3.4,7.0,2.0
1262022,5,1,1,2.6,4.0,3.0
602022,4,1,2,1.5,8.3,3.8
342025,4,3,1,0.8,8.5,2.8
1222023,4,24,1,3.0,6.0,4.5
622022,4,32,2,1.0,5.3,1.3
1092025,4,0,0,0.5,7.3,3.3
1192024,4,1,2,2.0,7.8,1.5
2502022,4,31,2,3.5,5.3,3.3
2572021,4,5,2,4.8,5.5,3.0
622023,3,33,0,1.0,6.3,4.0
392023,3,49,1,3.0,2.7,3.3
12023,3,0,2,3.0,6.0,3.7
1282024,3,1,2,0.0,7.3,2.0
552023,3,2,1,1.7,3.7,2.3
1012021,3,39,2,3.7,4.7,2.7
752024,3,4,0,2.7,1.7,2.7
852022,3,89,0,0.7,3.3,4.3
432022,3,41,1,1.3,6.0,3.3
882023,3,24,2,3.0,7.3,3.0
522023,2,4,1,2.5,5.5,2.5
1162021,2,0,2,6.5,11.5,1.5
542024,2,0,0,3.0,2.0,4.0
462022,2,78,2,7.0,6.5,3.0
122025,2,0,1,1.5,4.0,3.0
802025,2,0,1,1.0,7.0,4.0
162022,2,1,1,2.5,3.0,3.0
2412025,2,1,1,1.5,12.5,2.0
612021,2,23,0,1.0,4.5,2.0
842024,2,2,0,1.5,2.5,3.5
2562022,2,0,2,5.0,6.5,1.0
1022022,2,24,1,5.0,5.5,3.5
352024,2,3,1,4.5,4.0,1.5
2542024,2,0,0,2.0,2.5,2.5
542022,2,0,1,2.5,3.0,1.0
642023,2,3,1,2.0,4.0,1.5
2582025,1,0,0,0.0,4.0,0.0
582021,1,53,1,3.0,5.0,4.0
2472025,1,29,1,2.0,10.0,0.0
682021,1,0,0,1.0,2.0,3.0
952023,1,0,0,0.0,3.0,2.0
412024,1,1,0,1.0,2.0,3.0
2582021,1,0,0,0.0,2.0,3.0
712022,1,0,0,2.0,2.0,3.0
472023,1,40,1,2.0,12.0,1.0
1092023,1,9,0,5.0,3.0,3.0
612023,1,55,0,2.0,2.0,2.0
152021,1,0,1,3.0,5.0,1.0
942023,1,0,0,0.0,4.0,3.0
702023,1,0,0,0.0,0.0,5.0
2422022,1,0,0,2.0,5.0,3.0
242024,1,1,1,2.0,8.0,1.0
232022,1,2,1,4.0,5.0,2.0
42023,1,9,1,2.0,16.0,4.0
1342024,1,13,0,8.0,5.0,5.0
992025,1,0,0,0.0,0.0,4.0
1262024,1,2,1,11.0,4.0,3.0
1032024,1,1,0,4.0,5.0,3.0
342023,1,4,0,1.0,0.0,4.0
2012022,1,8,0,1.0,12.0,5.0
922025,1,1,1,2.0,13.0,2.0
2312022,1,0,0,1.0,3.0,6.0
792021,1,15,0,2.0,7.0,5.0
342021,1,0,1,3.0,18.0,1.0
162025,1,1,0,3.0,1.0,6.0
1302025,1,36,1,0.0,3.0,2.0
1002025,1,0,1,4.0,9.0,3.0
362024,1,0,0,1.0,8.0,4.0
262022,1,14,0,4.0,4.0,2.0
1302022,1,0,0,5.0,7.0,1.0
272024,1,0,0,2.0,6.0,3.0
22022,1,1,1,7.0,9.0,2.0
962021,1,2,1,4.0,7.0,2.0
222024,1,4,0,1.0,3.0,2.0
532024,1,0,1,10.0,4.0,2.0
652022,1,0,0,0.0,3.0,4.0
192024,1,0,0,1.0,5.0,4.0
492022,1,0,0,5.0,2.0,2.0
482024,1,0,0,0.0,3.0,3.0
392020,0,5,0,0.0,0.0,0.0
1022020,0,2,0,0.0,0.0,0.0
232020,0,1,0,0.0,0.0,0.0
242020,0,1,0,0.0,0.0,0.0
1052020,0,5,0,0.0,0.0,0.0
812020,0,1,0,0.0,0.0,0.0
282020,0,1,0,0.0,0.0,0.0
1142020,0,1,0,0.0,0.0,0.0
912020,0,1,0,0.0,0.0,0.0
1032020,0,1,0,0.0,0.0,0.0
612020,0,3,0,0.0,0.0,0.0
852020,0,3,0,0.0,0.0,0.0
2642020,0,3,0,0.0,0.0,0.0
1152020,0,2,0,0.0,0.0,0.0
2472020,0,11,0,0.0,0.0,0.0
792020,0,2,0,0.0,0.0,0.0
1072020,0,2,0,0.0,0.0,0.0
1012020,0,1,0,0.0,0.0,0.0
1252020,0,1,0,0.0,0.0,0.0
42020,0,1,0,0.0,0.0,0.0
462020,0,4,0,0.0,0.0,0.0
312020,0,1,0,0.0,0.0,0.0
432020,0,1,0,0.0,0.0,0.0
842020,0,1,0,0.0,0.0,0.0
962020,0,1,0,0.0,0.0,0.0
112020,0,2,0,0.0,0.0,0.0
1112020,0,1,0,0.0,0.0,0.0
212020,0,2,0,0.0,0.0,0.0
1082031,43,13,20,4.2,4.1,1.6
2602034,41,10,22,4.0,6.3,2.7
592035,40,23,18,0.7,7.6,4.3
42035,36,17,21,0.6,8.7,3.7
142035,35,35,21,0.5,9.5,2.8
582034,34,0,17,3.3,6.9,2.6
852033,32,9,19,2.3,5.5,2.8
1152031,31,68,20,4.0,5.0,1.6
1252034,30,78,18,3.1,6.9,3.4
612032,29,3,13,4.2,4.5,2.5
792032,28,9,12,2.7,6.3,2.8
742035,28,33,7,0.7,6.5,4.4
262031,27,23,10,2.6,3.7,1.9
882034,26,11,11,3.7,6.5,2.8
2362032,25,17,13,4.3,5.1,3.2
2012035,25,21,18,0.6,11.0,2.2
32032,24,34,15,4.9,4.4,2.4
2482031,24,9,14,3.1,5.5,1.5
1342033,23,22,14,2.6,6.0,3.3
2222031,23,5,16,3.7,6.2,1.6
432033,23,4,11,4.0,5.7,3.6
462031,23,55,12,4.9,6.0,2.5
2642033,21,21,11,2.8,5.1,2.2
1112032,21,33,15,3.3,8.8,2.1
892032,20,17,10,5.1,5.8,2.7
1072035,19,98,10,0.4,8.6,3.2
1222034,18,5,7,2.3,6.5,3.0
572032,18,39,8,3.6,4.9,2.5
202034,18,14,6,2.8,6.3,3.2
222033,18,1,6,2.3,4.9,3.1
1012032,17,0,10,3.2,5.5,3.3
1092034,16,2,12,3.0,9.0,1.9
2602033,15,3,6,3.1,4.8,3.1
82031,14,7,6,2.5,6.6,2.4
762033,13,11,8,1.6,5.8,3.1
582033,13,9,7,3.5,6.5,1.4
2002031,13,2,8,4.3,6.4,1.9
2502033,12,3,5,2.0,4.8,3.8
312033,10,8,4,2.3,4.5,3.3
302035,9,4,4,1.6,8.7,3.1
452031,8,2,1,2.9,2.3,2.0
522033,8,7,4,3.0,4.5,2.4
1302031,8,13,5,2.4,7.6,2.1
2592035,7,0,3,1.0,6.9,4.7
1202032,7,4,6,3.1,4.7,1.4
432032,7,19,1,2.4,3.1,2.9
562031,6,5,2,3.3,5.0,2.5
622035,6,24,3,0.3,10.3,2.8
1022035,6,5,2,0.2,4.5,2.5
212031,6,12,4,5.3,6.7,2.0
712035,6,5,2,0.3,5.5,3.2
622033,6,8,3,0.8,8.5,0.8
2602032,6,42,3,4.0,3.3,2.0
1132034,6,4,3,2.0,6.2,3.0
692033,6,6,5,3.7,6.7,1.8
222034,6,7,1,2.3,4.0,3.0
782033,5,6,2,4.0,3.8,3.8
342034,5,1,4,2.0,9.8,2.4
2112032,5,4,3,3.2,5.8,1.0
272034,5,3,2,2.6,6.0,4.2
102032,5,0,1,2.6,3.4,2.2
782034,5,3,3,4.2,5.8,3.2
332033,5,2,3,3.4,4.2,3.6
1022033,4,10,2,2.0,5.8,2.0
2472031,4,9,0,1.8,3.0,3.3
902034,4,0,1,0.8,4.5,2.0
1052035,4,3,1,0.5,7.5,4.3
442031,4,1,2,3.0,6.3,2.0
1262032,4,3,1,3.8,4.5,5.3
342035,4,3,2,0.5,7.8,5.3
392032,3,0,2,3.0,3.7,3.7
702033,3,0,2,1.7,2.3,3.3
2542034,3,1,0,1.0,2.7,3.0
472033,3,8,0,0.7,4.7,1.3
362034,3,0,1,3.3,6.0,2.7
2562032,3,0,0,3.7,4.3,5.3
342033,3,4,2,3.3,5.7,3.7
542034,3,0,3,3.0,8.3,1.0
852032,3,36,1,1.3,4.3,1.7
582032,3,35,2,2.3,7.7,2.0
2642034,3,33,1,2.0,5.0,2.3
2242035,3,4,2,4.3,4.3,4.7
162032,3,0,2,6.0,9.7,3.3
412034,2,1,1,3.0,5.5,2.5
422033,2,1,1,1.0,2.0,3.0
1162031,2,0,0,3.0,1.0,2.0
352034,2,0,1,2.0,4.0,3.0
1092035,2,8,1,1.0,10.0,2.5
2582035,2,0,2,1.5,12.5,2.5
472035,2,13,1,0.0,9.5,2.0
122035,2,1,0,1.0,9.5,7.0
1142033,2,0,0,2.5,3.0,4.5
482034,2,0,2,2.5,8.5,4.0
2502032,2,7,0,1.5,3.5,3.0
962031,2,0,0,1.0,1.5,2.0
2642032,2,50,1,2.5,3.0,3.0
612033,2,48,0,1.0,4.0,2.5
762034,2,29,2,1.5,11.5,4.0
392033,2,17,1,4.0,2.5,5.0
762032,2,29,0,1.5,4.5,3.5
252034,2,1,1,5.0,7.5,3.0
862034,1,0,0,6.0,6.0,3.0
1012031,1,10,0,1.0,2.0,4.0
2082033,1,0,0,8.0,8.0,4.0
172033,1,1,1,4.0,4.0,0.0
1282034,1,0,1,4.0,20.0,4.0
2542033,1,1,0,0.0,1.0,2.0
602032,1,0,1,6.0,7.0,2.0
622032,1,27,0,1.0,7.0,1.0
482031,1,0,0,3.0,6.0,8.0
182032,1,0,0,1.0,4.0,2.0
752034,1,0,0,4.0,0.0,2.0
192033,1,0,1,7.0,7.0,2.0
282033,1,0,0,4.0,0.0,7.0
12033,1,0,1,2.0,10.0,4.0
1032034,1,0,0,0.0,0.0,3.0
1222033,1,16,0,2.0,3.0,4.0
812035,1,2,1,0.0,5.0,3.0
1312035,1,1,0,1.0,9.0,2.0
902033,1,2,1,3.0,10.0,3.0
802035,1,0,0,5.0,5.0,6.0
2502035,1,15,1,2.0,7.0,3.0
872033,1,0,0,0.0,2.0,4.0
642030,0,5,0,0.0,0.0,0.0
972030,0,2,0,0.0,0.0,0.0
52030,0,1,0,0.0,0.0,0.0
1292030,0,1,0,0.0,0.0,0.0
232030,0,1,0,0.0,0.0,0.0
132030,0,1,0,0.0,0.0,0.0
2412030,0,1,0,0.0,0.0,0.0
1112030,0,3,0,0.0,0.0,0.0
2112030,0,1,0,0.0,0.0,0.0
272030,0,1,0,0.0,0.0,0.0
212030,0,1,0,0.0,0.0,0.0
422030,0,1,0,0.0,0.0,0.0
252030,0,1,0,0.0,0.0,0.0
2642030,0,5,0,0.0,0.0,0.0
1072030,0,13,0,0.0,0.0,0.0
762030,0,3,0,0.0,0.0,0.0
2472030,0,2,0,0.0,0.0,0.0
472030,0,5,0,0.0,0.0,0.0
1022030,0,1,0,0.0,0.0,0.0
562030,0,1,0,0.0,0.0,0.0
892030,0,1,0,0.0,0.0,0.0
1082030,0,1,0,0.0,0.0,0.0
2502030,0,1,0,0.0,0.0,0.0
2362030,0,2,0,0.0,0.0,0.0
2482081,7,0,7,6.9,5.6,0.9
2602084,5,2,1,1.2,2.8,3.0
1302081,5,5,3,3.6,5.6,2.2
2592085,5,0,3,1.0,8.0,3.0
782084,5,0,4,4.8,6.6,1.6
302082,4,4,4,3.0,9.5,0.8
582084,4,5,3,3.0,8.0,1.5
142085,4,0,2,0.5,10.0,3.3
102082,3,2,1,1.7,2.7,2.7
2602083,3,2,2,1.3,5.0,4.0
392083,3,4,1,3.0,3.7,2.7
1252084,3,0,1,2.0,3.0,3.7
892082,3,6,0,1.0,2.7,3.0
432083,3,2,0,1.7,4.3,5.7
2502085,3,2,1,2.0,3.3,3.3
522083,3,3,2,3.7,3.7,2.7
422083,2,3,1,2.0,2.5,2.0
692083,2,1,2,4.0,7.0,2.0
82081,2,0,0,0.5,5.5,3.5
1112082,2,3,1,1.5,3.5,2.0
2362082,2,0,1,3.0,5.0,2.5
1152081,2,3,0,0.5,1.0,4.0
1072085,2,2,1,0.0,7.5,3.0
1012082,2,2,1,2.0,4.0,1.0
452081,2,0,0,3.0,1.5,2.5
412083,1,0,0,0.0,0.0,3.0
522082,1,4,1,4.0,4.0,0.0
2012085,1,2,1,0.0,13.0,1.0
42085,1,1,1,3.0,12.0,0.0
462081,1,0,0,1.0,0.0,1.0
592085,1,1,0,0.0,2.0,4.0
652082,1,0,1,4.0,10.0,1.0
1162081,1,1,0,5.0,5.0,3.0
742085,1,0,1,0.0,12.0,3.0
1022085,1,0,0,0.0,5.0,4.0
202084,1,3,0,1.0,6.0,4.0
392082,1,4,0,2.0,5.0,4.0
2642083,1,1,1,4.0,8.0,2.0
352084,1,0,0,5.0,6.0,1.0
612083,1,2,1,3.0,11.0,3.0
792082,1,0,0,4.0,5.0,2.0
342085,1,0,0,2.0,3.0,5.0
2502083,1,2,0,3.0,2.0,6.0
1282084,1,0,1,2.0,11.0,0.0
42080,0,1,0,0.0,0.0,0.0
1162080,0,1,0,0.0,0.0,0.0
202080,0,3,0,0.0,0.0,0.0
1112080,0,3,0,0.0,0.0,0.0
1072080,0,1,0,0.0,0.0,0.0
612080,0,2,0,0.0,0.0,0.0
2502080,0,2,0,0.0,0.0,0.0
1152080,0,1,0,0.0,0.0,0.0
522080,0,2,0,0.0,0.0,0.0
572080,0,10,0,0.0,0.0,0.0
1092080,0,8,0,0.0,0.0,0.0
1012080,0,1,0,0.0,0.0,0.0
852080,0,8,0,0.0,0.0,0.0
1342080,0,8,0,0.0,0.0,0.0
752080,0,4,0,0.0,0.0,0.0
332080,0,1,0,0.0,0.0,0.0
2012080,0,1,0,0.0,0.0,0.0
102080,0,1,0,0.0,0.0,0.0
102092,12,0,5,2.7,4.2,2.0
522093,10,0,4,2.4,3.2,2.9
2602094,10,1,7,3.6,6.4,2.0
592095,8,3,3,0.0,5.4,4.5
1152091,7,5,4,3.0,6.9,1.7
2482091,7,4,4,3.3,3.4,2.3
1252094,7,0,2,2.7,3.1,3.4
1342093,6,6,5,4.0,5.0,1.8
262091,6,1,2,3.0,3.8,2.8
142095,4,5,3,0.3,10.3,1.0
2012095,4,1,4,0.5,15.5,0.3
792092,3,0,1,3.3,7.3,3.0
1072095,3,1,1,0.7,4.3,4.0
582094,3,9,2,2.7,8.0,1.7
332093,2,5,0,0.5,0.5,4.0
392093,2,0,2,5.0,6.0,3.5
572092,2,10,1,4.5,2.5,0.5
752094,2,1,0,2.5,3.0,3.0
1112092,2,3,2,2.0,10.5,0.5
42095,2,1,0,0.5,3.5,5.5
852093,2,8,1,3.0,4.5,1.5
452091,1,0,1,4.0,6.0,0.0
1312095,1,0,0,0.0,2.0,2.0
492092,1,0,1,7.0,5.0,0.0
472095,1,0,0,0.0,4.0,3.0
2362092,1,3,1,7.0,9.0,0.0
782094,1,0,1,4.0,6.0,1.0
432093,1,10,0,0.0,3.0,9.0
2572091,1,0,0,1.0,0.0,3.0
1092094,1,1,0,0.0,3.0,3.0
1012092,1,0,0,0.0,1.0,2.0
392092,1,6,0,3.0,4.0,5.0
1302091,1,4,0,2.0,4.0,4.0
422093,1,0,0,0.0,1.0,8.0
302092,1,0,1,8.0,8.0,0.0
82091,1,8,1,5.0,11.0,1.0
622095,1,0,1,1.0,19.0,0.0
332090,0,5,0,0.0,0.0,0.0
2362090,0,1,0,0.0,0.0,0.0
892090,0,12,0,0.0,0.0,0.0
462090,0,8,0,0.0,0.0,0.0
202090,0,1,0,0.0,0.0,0.0
2112090,0,1,0,0.0,0.0,0.0
832090,0,1,0,0.0,0.0,0.0
432090,0,2,0,0.0,0.0,0.0
582090,0,3,0,0.0,0.0,0.0
392090,0,5,0,0.0,0.0,0.0
852090,0,4,0,0.0,0.0,0.0
1302090,0,4,0,0.0,0.0,0.0
82090,0,3,0,0.0,0.0,0.0
